名前,種別,得意練習,役割,金特_野手時,金特_投手時,金特依存,上限UP,覚醒,イベント
蔦枝心音,彼女,,ガード,読心術(確定)＋逆襲(確定),みなぎる活力(確定)＋超尻上がり(確定),-,捕球+6¶スタミナ+8,なし,後イベ
物茂渡,野手+投手,打撃&変化球,バウンサー,安打製造機(確定)＋一発逆転王(確定),闘魂(確定)＋ドクターK(確定),-,コントロール+4,なし,前イベ
時任幽平,野手+投手,走塁&スタミナ,ガード,ストレートキラー(確定)＋代打の神様(確定),クロスキャノン(確定)＋一徹(確定),-,スタミナ+6,なし,後イベ
泉谷未来,投手,スタミナ&変化球,ガード,洗礼の一撃(確定),必殺火消し人(確定)＋精密機械(確定),-,コントロール+4,なし,前イベ
[バレンタイン？]本場あんこ,野手+投手,肩力&スタミナ,スナイパー,走力バースト(確定)＋メッタ打ち(確定),走者釘付(確定)＋形勢逆転(確定),-,パワー+6¶スタミナ+6,なし,後イベ
[ダークネクロ]獏良了,投手,球速,バウンサー,一球入魂(確定),金縛り(確定)＋形勢逆転(不確定)¶必殺火消し人(確定),-,スタミナ+6,なし,後イベ
[トゥーン・D]ペガサス,野手,肩力&打撃,スナイパー,読心術(確定)＋心眼(確定)捕手時¶球界の頭脳(確定)＋心眼(確定)¶司令塔(確定),内無双(確定),-,ミート+4¶肩力+2,なし,前イベ
[ラーの翼神竜]マリク,野手,走塁&打撃,レンジャー,精神的支柱(確定)＋大番狂わせ(確定)¶孤軍奮闘(確定),闘魂(確定),-,ミート+2¶走力+4,なし,前イベ
[南極です！]ワーちゃん,野手,メンタル&肩力,ガード,ヒートアップ(確定)＋明鏡止水(確定),みなぎる活力(確定),-,守備力+2¶捕球+4,［SR］やる気効果UP50％¶［PSR］タッグボーナス40％,後イベ
[南極だよ！]パーちゃん,投手+野手,コントロール&筋力,レンジャー,超ラッキーボーイ(確定)＋切り込み隊長(確定)¶洗礼の一撃(確定)＋左キラー(野手)(確定),勝利の星(確定)¶金縛り(確定),-,スタミナ+4¶パワー+4,［SR］タッグボーナス20％¶［PSR］精神ボーナス10,前イベ
美一式高伊,投手,スタミナ,ガード,アーチスト(確定)＋切り込み隊長(確定),鉄腕(確定)＋KBKカーブ(不確定)¶鉄腕(確定)＋変化球プライド(確定),KBKカーブ : 不明,コントロール+6,なし,前イベ
カグヤ,投手+野手,スタミナ&走塁,バウンサー,情熱エール(確定)＋昇り龍(確定),超尻上がり(確定)＋勝利の星(確定),-,スタミナ+8¶走力+8,なし,後イベ
高原曲,投手+野手,変化球&肩力,レンジャー,火事場の馬鹿力(確定)＋芸術的流し打ち(確定),強心臓(確定)＋原点投球(確定),-,コントロール+4¶肩力+4,なし,前イベ
[サンタ]志藤玲美,野手,打撃&走塁,バウンサー,ストライク送球(確定)＋高速レーザー(確定),ジャストフィット(確定),-,ミート+2¶走力+2,なし,前イベ
[最終兵器]虹谷誠,投手,変化球&球速,レンジャー,アーチスト(確定)＋伝説の引っ張り屋(確定)¶安打製造機(確定)＋芸術的流し打ち(確定)¶一球入魂(確定),至高のスターター(確定)¶驚異の切れ味(確定)＋変幻自在(確定)¶先手必奪(確定),-,球速+1¶コントロール+4(SR覚醒時),［SR］コントロール上限UP4¶［PSR］タッグボーナス40％,後イベ
[サンタ]茂古葉萌子,野手,メンタル&打撃,ガード,高速レーザー(確定)＋洗礼の一撃(確定),アームブレイカー(確定),-,ミート+6,なし,前イベ
戸草鏡,野手,打撃&守備,バウンサー,つるべ打ち(確定)＋逆襲(確定),変幻自在(確定),-,ミート+2¶守備力+4,なし,後イベ
天宮果也乃,野手,メンタル&守備,ガード,スイープ(確定)＋帰巣本能(確定),先手必奪(確定),-,肩力+4¶捕球+2,なし,後イベ
敷上マニィ,野手,筋力&肩力,ガード,切磋琢磨(確定)＋看破(確定),怪物球威(確定),-,パワー+2¶肩力+4,なし,前イベ
天宮コノハ,相棒,,ガード,超ラッキーボーイ(確定)＋金剛(確定),復活(確定)＋勝利の星(確定),-,パワー+4¶コントロール+4,なし,前イベ
[ワールドクラス]十六夜瑠菜,投手,コントロール&球速,バウンサー,情熱エール(確定),速球プライド(不確定)＋強心臓(確定)¶速球プライド(不確定)＋ディレイドアーム(確定),-,コントロール+2¶スタミナ+2,なし,前イベ
[投手]イチロー,投手+野手,球速&肩力,レンジャー,高速レーザー(確定)＋広角砲(確定)¶安打製造機(確定),イチシーム(不確定)＋ハイスピンジャイロ(確定)¶精密機械(確定)＋ハイスピンジャイロ(確定)¶一徹(確定),イチシーム : 球速,コントロール+8¶ミート+6,なし,後イベ
怪しいもの屋の店主,野手,守備&打撃,バウンサー,一発逆転王(確定)＋広角砲(確定),強心臓(確定)＋アーチスト(確定),-,走力+2¶肩力+4,なし,後イベ
[秘密兵器]虹谷彩理,投手,コントロール,スナイパー,切磋琢磨(確定)＋一球入魂(確定)¶切磋琢磨(確定)＋孤軍奮闘(確定),形勢逆転(確定)＋先手必奪(確定)¶形勢逆転(確定)＋鉄仮面(確定),-,コントロール+4¶スタミナ+2,なし,前イベ
[はろゐん]千代姫,野手,守備&肩力,スナイパー,読心術(確定)＋ホームランボール(不確定),精密機械(確定)＋勝利の星(不確定),-,ミート+2¶捕球+2,なし,前イベ
真開彩葉,野手+投手,筋力&スタミナ,ガード,アーチスト(確定)＋大番狂わせ(確定),不屈の魂(確定)＋怪童(確定),-,コントロール+4¶パワー+4,なし,後イベ
[挑戦!]泡瀬満里南,投手,メンタル&コントロール,スナイパー,看破(確定),フローターパール(不確定)＋ディレイドアーム(確定)¶必殺火消し人(確定)＋マインドブレイカー(確定),フローターパール : スタミナ,コントロール+4,なし,前イベ
串社玉緒,野手,走塁&肩力,スナイパー,魔術師(確定)＋心眼(確定)¶トリックスター(確定),ド根性(確定)＋速球プライド(確定)¶意気揚々(確定),-,走力+4¶肩力+2,なし,前イベ
クラピカ,野手,走塁&守備,バウンサー,孤軍奮闘(確定)¶威圧感(野手)(確定)¶至高の遊撃手(確定)＋孤軍奮闘(確定),闘魂(確定)¶威圧感(投手)(確定),-,パワー+2¶走力+4,なし,後イベ
レオリオ,野手,守備&肩力,レンジャー,電光石火(確定)＋大番狂わせ(確定)¶カリスマ(野手)(確定)＋ホームランフィーバー(確定),ド根性(確定)¶カリスマ(投手)(確定),-,肩力+2¶捕球+4,なし,前イベ
ヒソカ,投手+野手,変化球&打撃,スナイパー,トリックスター(確定),完全燃焼(確定)＋勇猛果敢(確定),-,コントロール+2¶スタミナ+2,なし,前イベ
ビスケ,野手,筋力&肩力,バウンサー,アーチスト(確定)＋切磋琢磨(確定),完全制圧(確定),-,ミート+2¶肩力+2,なし,前イベ
キルア,投手+野手,球速&走塁,レンジャー,洗礼の一撃(確定),雷咆(不確定)＋変化球プライド(確定)¶アームブレイカー(確定)＋変化球プライド(確定),雷咆 : 球速,コントロール+6¶走力+2,なし,後イベ
ゴン,野手,肩力&打撃,スナイパー,昇り龍(確定)＋ホームランボール(確定)¶火事場の馬鹿力(確定),超尻上がり(確定),-,パワー+2¶肩力+4,なし,後イベ
蒼鳥つばさ,投手+野手,コントロール&打撃,スナイパー,広角砲(確定)＋祝福(確定)¶高球必打(確定)＋祝福(確定),勝利の星(確定)＋意気揚々(確定)¶怪童(確定)＋意気揚々(確定),-,コントロール+8¶守備力+8,なし,前イベ
[ワールドクラス]東條小次郎,野手,筋力&守備,バウンサー,火事場の馬鹿力(確定)＋ローリング打法(確定),闘魂(確定)＋怪物球威(確定),-,ミート+4¶パワー+4,なし,後イベ
[水着]小山雅,野手,守備&走塁,スナイパー,ホームランフィーバー(確定)＋アイコンタクト(不確定),超尻上がり(確定),不明,守備力+4,なし,後イベ
[ドレス]白瀬芙喜子,野手+投手,肩力&スタミナ,スナイパー,ローリング打法(確定)＋つるべ打ち(確定)¶切磋琢磨(確定)＋帰巣本能(確定),変幻自在(確定)＋強心臓(確定)¶ジャストフィット(確定)＋みなぎる活力(確定),-,走力+2¶守備力+2,なし,後イベ
[クール！]小平陽向,野手,打撃&守備,スナイパー,気迫ヘッド(確定)¶牛若丸(確定),ド根性(確定)¶原点投球(確定),-,肩力+2¶捕球+2,なし,前イベ
鈴島紫音,彼女,,レンジャー,ヒートアップ(確定)＋情熱エール(確定),エースの風格(確定)＋完全制圧(確定),-,走力+2¶肩力+4,なし,前イベ
織部実留,野手,守備&肩力,ガード,走力バースト(確定)＋一番槍(確定),変幻自在(確定),-,守備力+2¶捕球+2,なし,前イベ
古羽流登,野手,走塁&肩力,バウンサー,逆襲(確定)＋エースキラー(確定),怪物球威(確定),-,ミート+2¶走力+2,なし,前イベ
久里武尊,投手+野手,変化球&筋力,スナイパー,金剛(確定)＋大番狂わせ(確定),完全燃焼(確定)＋超尻上がり(確定),-,球速+1¶パワー+4,なし,後イベ
五条悟,投手+野手,球速&打撃,バウンサー,アーチスト(確定)¶孤軍奮闘(確定),怪童(確定)＋虚式｢茈｣(不確定)¶一徹(確定)＋精密機械(確定)¶カモフラージュ(確定),虚式「茈」 : 球速,コントロール+4¶走力+2,なし,後イベ
東堂葵,野手,メンタル&筋力,レンジャー,ホームランフィーバー(確定)¶伝説のサヨナラ男(確定),怪童(確定)¶超尻上がり(確定),-,肩力+2¶捕球+2,なし,後イベ
釘崎野薔薇,野手,走塁&筋力,レンジャー,挑発(確定)＋メッタ打ち(確定)¶気迫ヘッド(確定),走者釘付(確定),-,パワー+2¶走力+2,なし,前イベ
伏黒恵,野手,打撃&守備,ガード,明鏡止水(確定)＋伝説のサヨナラ男(確定),形勢逆転(確定),-,肩力+4¶守備力+2,なし,後イベ
虎杖悠仁,投手+野手,スタミナ&肩力,レンジャー,恐怖の満塁男(確定)＋昇り龍(確定),至高のクローザー(確定)¶エースの風格(確定),-,スタミナ+4¶パワー+4,なし,前イベ
[リスタート]太刀川広巳,野手,メンタル&打撃,レンジャー,一発逆転王(確定)＋逆襲(確定),復活(確定)＋鉄腕(確定),-,ミート+2¶捕球+2,なし,後イベ
真開伊瑠花,野手,メンタル&走塁,ガード,魔術師(確定)＋切磋琢磨(確定)¶牛若丸(確定)＋切磋琢磨(確定),ドクターK(確定)¶精密機械(確定),-,走力+2¶捕球+2,なし,前イベ
[カロリーバースト]赤原勘八,野手,打撃,バウンサー,アーチスト(確定)＋スイープ(確定)¶洗礼の一撃(確定)＋スイープ(確定),勇猛果敢(確定)¶形勢逆転(確定),-,ミート+2 or 6(PSR覚醒時)¶パワー+2,［SR］タッグボーナス20％¶［PSR］ミート上限UP4,前イベ
[ハーピィ・レディ]孔雀舞,野手,守備&打撃,スナイパー,祝福(確定)＋高球必打(確定)¶ストレートキラー(確定),ジャストフィット(確定),-,走力+2¶肩力+2,なし,後イベ
[真紅眼の黒竜]城之内克也,投手,メンタル,バウンサー,昇り龍(確定),驚異の切れ味(確定)＋ディレイドアーム(確定)¶復活(確定),-,スタミナ+4,なし,前イベ
神楽坂社長,投手,変化球,レンジャー,なし,ジャストフィット(確定)＋金縛り(確定),-,コントロール+2¶スタミナ+2,なし,前イベ
夜叉姫,野手,守備,レンジャー,内角必打(確定)¶至高の外野手(確定)＋内角必打(確定),完全制圧(確定),-,守備力+2¶捕球+2,なし,前イベ
貧乏神,投手,変化球,レンジャー,明鏡止水(確定),不屈の魂(確定)＋マインドブレイカー(確定)¶もれちゃうぞボール(不確定)＋マインドブレイカー(不確定),もれちゃうぞボール&マインドブレイカー : 変化量,球速+1,なし,前イベ
雪野楓,投手,コントロール,スナイパー,一球入魂(確定)¶祝福(確定),精密機械(確定)¶鉄仮面(確定),-,コントロール+4,なし,前イベ
[アルティメット]明神陽,投手+野手,球速&筋力,レンジャー,昇り龍(確定),強心臓(確定)＋形勢逆転(確定),-,スタミナ+6¶肩力+2,なし,後イベ
るみな,投手,変化球,レンジャー,低球必打(確定)＋一球入魂(確定),カモフラージュ(確定)＋復活(確定),-,コントロール+8,なし,後イベ
桃太郎,野手+投手,筋力&コントロール,ガード,ストレートキラー(確定)＋切磋琢磨(不確定),勝利の星(確定)＋意気揚々(不確定),切磋琢磨・意気揚々 : 甲子園優勝,肩力+4¶スタミナ+4,なし,前イベ
雉田直実,彼女,,ガード,一球入魂(確定)＋ブリッツ(確定),先手必奪(確定)＋完全制圧(確定),-,パワー+4¶球速+1,なし,後イベ
猿川捻二,投手,守備,レンジャー,トリックスター(確定),走者釘付(確定)＋強心臓(確定),-,コントロール+4,なし,前イベ
犬山堅太郎,投手,スタミナ,ガード,心眼(不確定)¶一球入魂(不確定),原点投球(確定)＋鉄腕(確定)¶一徹(確定)＋鉄腕(確定),-,スタミナ+2,なし,後イベ
イチロー,野手,打撃&走塁,バウンサー,渾身の決勝打(確定)＋精神的支柱(確定)¶左キラー(野手)(確定)＋精神的支柱(確定),勇猛果敢(確定)＋精神的支柱(確定)¶原点投球(確定)＋精神的支柱(確定),-,ミート+4¶走力+4,なし,後イベ
[砲丸チョコ]塚見巴,投手+野手,球速&打撃,ガード,ストライク送球(確定)＋一球入魂(確定),ハイスピンジャイロ(確定)＋闘魂(確定),-,肩力+2¶コントロール+2,なし,前イベ
[鉢植えパフェ]土門季音,野手,走塁,レンジャー,情熱エール(確定)＋一球入魂(確定)¶精神的支柱(確定),ジャストフィット(確定)¶精神的支柱(確定),-,ミート+2¶肩力+2,なし,前イベ
[匠の技]堂江竜河,投手,変化球&球速,レンジャー,牛若丸(確定)＋精神的支柱(確定),カリスマ(投手)(確定)＋二刀流(確定)¶カリスマ(投手)(確定)＋必殺火消し人(確定),-,コントロール+4,なし,前イベ
ホールスアン4世,投手,球速&変化球,ガード,恐怖の満塁男(確定)＋伝説のサヨナラ男(不確定),サンドストーム(不確定)＋鉄腕(確定)¶エースの風格(確定)＋鉄腕(確定),-,コントロール+2¶スタミナ+2,なし,後イベ
[ブラマジガール]真崎杏子,投手,コントロール&変化球,ガード,精神的支柱(確定),意気揚々(確定)＋完全燃焼(確定)¶みなぎる活力(確定),-,スタミナ+2(Lv40以上時),なし,前イベ
[青眼の白龍]海馬瀬人,野手,肩力,レンジャー,大打撃(確定)＋ホームランボール(確定)¶火事場の馬鹿力(確定),ド根性(確定)＋完全制圧(確定),パワー(101以上で実践上成功確定),パワー+2¶捕球+2,なし,後イベ
[ブラマジ]武藤遊戯,野手,メンタル,レンジャー,勝負師(確定)＋心眼(確定),強心臓(確定),-,ミート+2¶守備力+2,なし,前イベ
[アイドル]ワーちゃん,野手,メンタル,ガード,牛若丸(確定)¶芸術的流し打ち(確定)¶至高の二塁手(確定)＋気迫ヘッド(確定),本塁打厳禁(確定)¶驚異の切れ味(確定),-,走力+2¶守備力+2,［SR］やる気効果UP50％¶［PSR］タッグボーナス40％,後イベ
[アイドル]パーちゃん,野手,守備,スナイパー,魔術師(確定)¶高速ベースラン(確定)¶至高の一塁手(確定)＋重戦車(確定),ドクターK(確定)¶暴れ球(確定),-,パワー+2¶捕球+2,［SR］タッグボーナス20％¶［PSR］精神ボーナス10,前イベ
佐渡至皇理,野手,筋力,ガード,ラストエンペラー(確定)＋勝負師(確定)¶ラストエンペラー(確定)＋看破(確定),強心臓(確定)＋ディレイドアーム(確定)¶ドクターK(確定)＋ディレイドアーム(確定),-,パワー+4¶守備力+4,なし,後イベ
セティーヌ,野手,守備,ガード,勝負師(確定)¶魔術師(確定),ミスターゼロ(確定),-,肩力+2¶捕球+2,なし,前イベ
[黒サンタ]ジャベリン,野手,走塁&打撃,レンジャー,ブリッツ(確定),速球プライド(確定),-,ミート+2¶走力+2,なし,前イベ
白霧凍子,投手,変化球&球速,バウンサー,ストライク送球(確定),ホワイトアウト(確定)＋ディレイドアーム(確定)¶ハイスピンジャイロ(確定)＋ディレイドアーム(確定)¶ミスターゼロ(確定),-,球速+1,なし,前イベ
[フラメンコ]小鷹美麗,野手,守備,レンジャー,ローリング打法(確定)¶切磋琢磨(確定)捕手時¶球界の頭脳(確定)¶切磋琢磨(確定),ハイスピンジャイロ(確定),-,パワー+2¶肩力+2,なし,前イベ
[サンタ]京野小筆,野手,走塁,レンジャー,代打の神様(確定)＋情熱エール(確定),形勢逆転(確定)＋走者釘付(確定),-,走力+6,なし,前イベ
ラミィ,彼女,,ガード,祝福(確定)＋ストレートキラー(確定)¶祝福(確定)＋不動の四番(確定),みなぎる活力(確定)＋ジャストフィット(確定)¶みなぎる活力(確定)＋必殺火消し人(確定),-,ミート+4¶コントロール+4,なし,前イベ
ヌウビス,野手,肩力,バウンサー,切り込み隊長(確定)¶左キラー(野手)(確定)¶ローリング打法(確定),怪童(確定)¶精密機械(確定),-,走力+2¶肩力+2,なし,前イベ
建石十斗,野手,打撃,ガード,左キラー(野手)(確定)¶明鏡止水(確定)¶芸術的流し打ち(確定),勝利の星(確定)¶変幻自在(確定),-,ミート+2¶守備力+2,なし,後イベ
日向らら,野手,メンタル,ガード,カリスマ(野手)(確定)＋威圧感(野手)(確定)¶つるべ打ち(確定),勝利の星(確定)＋威圧感(投手)(確定),-,捕球+2,なし,後イベ
広川武美,彼女,,ガード,火事場の馬鹿力(確定)＋左キラー(野手)(確定)¶一球入魂(確定)＋切り込み隊長(確定),原点投球(確定)＋不屈の魂(確定)¶ディレイドアーム(確定)＋左キラー(投手)(確定),-,肩力+2(Lv40以上時)¶守備力+2(Lv40以上時),なし,前イベ
ピンク,野手,打撃&走塁,バウンサー,至高の遊撃手(確定)＋安打製造機(確定)¶スイープ(確定),安打製造機(確定),-,肩力+2¶捕球+2,なし,後イベ
大神博之,投手,変化球&球速,ガード,カリスマ(野手)(確定),至高のリリーバー(確定)¶二刀流(確定),-,コントロール+2,なし,後イベ
[少年]闇野栄剛,投手,変化球,スナイパー,ホームランボール(確定),マインドブレイカー(確定)＋本塁打厳禁(確定),-,スタミナ+4,なし,前イベ
闇野ルミナ,投手,変化球&球速,ガード,一球入魂(確定),ルミナスアーツ・燦(不確定)＋超尻上がり(確定)¶先手必奪(確定)＋超尻上がり(確定),ルミナスアーツ・燦 : コントロール,コントロール+4,なし,後イベ
諏訪野君子,彼女,,ガード,内野安打王(確定)＋メッタ打ち(確定)¶帰巣本能(確定)＋メッタ打ち(確定)捕手時¶ささやき戦術(確定)＋バズーカ(確定)¶ミラクルボイス(確定)＋バズーカ(確定),必殺火消し人(確定)＋意気揚々(確定)¶原点投球(確定)＋意気揚々(確定),-,ミート+2¶捕球+2,なし,後イベ
[追憶]霧崎礼里,野手,走塁&打撃,レンジャー,心眼(確定)＋大番狂わせ(確定),強心臓(確定),-,パワー+2¶肩力+2,なし,前イベ
胡蝶しのぶ,投手,変化球,バウンサー,芸術的流し打ち(確定),蝶ノ舞 戯れ(不確定)＋変幻自在(確定)¶鉄腕(確定)＋鉄仮面(確定),蝶ノ舞 戯れ : 変化量,コントロール+2,なし,後イベ
冨岡義勇,野手+投手,走塁&コントロール,レンジャー,安打製造機(確定)＋明鏡止水(確定)¶孤軍奮闘(確定),鉄仮面(確定),-,ミート+2¶守備力+2,なし,前イベ
煉獄杏寿郎,野手,打撃&筋力,ガード,球界の頭脳(確定)＋精神的支柱(確定)¶鉄人(確定),完全燃焼(確定),-,パワー+2¶走力+2,なし,後イベ
竈門禰豆子,相棒,,バウンサー,情熱エール(確定),意気揚々(確定),-,守備力+2(Lv40以上時)¶コントロール+2(Lv40以上時),なし,前イベ
嘴平伊之助,野手+投手,打撃&スタミナ,バウンサー,大打撃(確定)¶至高の三塁手(確定)＋恐怖の満塁男(確定),二刀流(確定),-,パワー+2¶スタミナ+2,なし,後イベ
我妻善逸,投手+野手,球速&走塁,ガード,走力バースト(確定),怪童(確定)＋霹靂一閃(不確定)¶至高のクローザー(確定),霹靂一閃 : 球速(171以上で実践上確定),球速+1¶走力+2,なし,前イベ
竈門炭治郎,野手+投手,打撃&球速,バウンサー,気迫ヘッド(確定)＋昇り龍(確定),エースの風格(確定),-,ミート+2¶走力+2,なし,後イベ
石触宴舞,野手+投手,打撃&スタミナ,バウンサー,挑発(確定)＋走力バースト(確定)¶気迫ヘッド(確定),復活(確定),-,走力+4¶捕球+4,なし,前イベ
[ジャスミン]美藤千尋,野手,打撃,バウンサー,安打製造機(確定)＋高球必打(不確定)¶挑発(確定)¶孤軍奮闘(確定),孤軍奮闘(確定),高球必打 : ミート,守備力+2,［SR］精神ボーナス10¶［PSR］練習効果UP20％,後イベ
ニャプテト,野手,走塁&守備,ガード,帰巣本能(確定)¶勝負師(確定)¶孤軍奮闘(確定),暴れ球(確定)¶走者釘付(確定),-,走力+2¶捕球+2,なし,後イベ
忠主七緒,彼女,,ガード,看破(確定)＋明鏡止水(確定),復活(確定)＋必殺火消し人(確定),-,肩力+2¶スタミナ+2,なし,後イベ
シュバリエ,野手+投手,筋力&球速,ガード,挑発(確定)＋ヒートアップ(不確定)¶球界の頭脳(確定)＋ヒートアップ(不確定),勇猛果敢(確定)＋怪物球威(不確定),調査中,守備力+2,なし,前イベ
佐渡摩智,野手+投手,走塁&コントロール,バウンサー,一発逆転王(確定)＋外角必打(不確定)¶芸術的流し打ち(確定),不屈の魂(確定)＋怪物球威(不確定),外角必打 : パワー,走力+2¶肩力+4(PSR覚醒時),［SR］敏捷ボーナス10¶［PSR］肩力上限UP4,前イベ
宮田良哉,野手,打撃&守備,バウンサー,一球入魂(確定)＋内角必打(不確定),本塁打厳禁(確定),不明,捕球+2,なし,後イベ
野球マスク,投手+野手,変化球&打撃,ガード,逆襲(確定)＋アイコンタクト(確定)¶看破(確定),ハイスピンジャイロ(確定)＋速球プライド(確定)¶闘魂(確定),-,ミート+2¶コントロール+2 or 6¶(6はPSR覚醒時),［SR］得意練習率UP20％¶［PSR］コントロール上限UP4,前イベ
笹木咲,投手,スタミナ&変化球,ガード,ホームランボール(確定),復活(確定)＋完全燃焼(不確定)¶超尻上がり(確定),完全燃焼 : スタミナ,スタミナ+2,なし,後イベ
椎名唯華,野手,守備&打撃,レンジャー,切り込み隊長(確定)＋大番狂わせ(不確定)¶ストライク送球(確定),勝利の星(確定),大番狂わせ : 評価(評価140以上で実践上確定),ミート+2¶守備力+2,なし,後イベ
夜見れな,野手,肩力&走塁,スナイパー,トリックスター(確定)＋読心術(不確定)¶魔術師(確定),驚異の切れ味(確定),読心術 : ミート(101以上で確定),走力+2¶肩力+2,なし,前イベ
土門季音,野手,走塁&打撃,レンジャー,情熱エール(確定)＋一球入魂(不確定)¶精神的支柱(確定),ジャストフィット(確定)¶精神的支柱(確定),一球入魂 : パワー(101以上で確定),ミート+2¶走力+2,なし,前イベ
[怪力無双]三本松一,野手,筋力&打撃,ガード,至高の一塁手(不確定)＋アーチスト(確定)¶ローリング打法(確定)＋アーチスト(確定),怪物球威(確定)＋闘魂(確定),至高の一塁手 : パワー,なし,なし,後イベ
[プライベート]館橋水奈都,選手兼彼女+野手,走塁&守備,レンジャー,ホームランフィーバー(確定)＋祝福(不確定),左キラー(投手)(確定),祝福 : デート回数(全消化で実践上確定),ミート+2¶守備力+2,なし,後イベ
[無敗の魔球]鳴海悠斗,投手,変化球&守備,スナイパー,魔術師(確定),ランブルフォール(不確定)＋ギアチェンジ(不確定)¶ミスターゼロ(確定)＋ギアチェンジ(不確定),金特2種 : コントロールオリ変+金特 : 総変化量,コントロール+2,なし,後イベ
[ザ・ダイナミック]七井＝アレフト,野手,打撃&筋力,ガード,アーチスト(確定)＋ヒートアップ(不確定)¶火事場の馬鹿力(確定)＋ヒートアップ(不確定),勝利の星(確定)¶勇猛果敢(確定),アーチスト : パワー火事場の馬鹿力 : ミートorパワーor依存なし,肩力+2¶ミート+4(PSR覚醒時),［SR］練習効果UP30％¶［PSR］ミート上限UP4,前イベ
[勇者マント]火野勇太郎,野手,走塁&筋力,レンジャー,電光石火(確定)＋芸術的流し打ち(不確定)¶ヒートアップ(確定),復活(確定),芸術的流し打ち : ミート,走力+2(Lv40以上時),なし,前イベ
[恋のキューピッド]天音姫恋,野手,打撃&守備,バウンサー,ブリッツ(確定)¶電光石火(確定),ハイスピンジャイロ(確定),-,ミート+2¶パワー+2,なし,後イベ
茂古葉萌子,野手,打撃&守備,バウンサー,ストライク送球(確定)＋伝説のサヨナラ男(確定),闘魂(確定),パワー,走力+2¶肩力+2,なし,前イベ
羽吹一歩,相棒,,ガード,牛若丸(確定),ギアチェンジ(確定),-,ミート+2¶捕球+2,なし,前イベ
[ワールドクラス]友沢亮,野手,肩力&打撃,スナイパー,広角砲(確定)＋カリスマ(野手)(不確定)¶明鏡止水(確定)＋カリスマ(野手)(不確定),原点投球(確定),カリスマ : 依存なし,走力+2(Lv40以上時)¶ミート+4(PSR覚醒時),［SR］試合経験点ボーナス20％¶［PSR］ミート上限UP4,後イベ
[フック船長]倉家凪,野手+投手,打撃&コントロール,バウンサー,ハゲタカ(確定)¶メッタ打ち(確定),みなぎる活力(確定)¶精密機械(確定),-,ミート+2¶守備力+2,［SR］初期評価20¶［PSR］精神ボーナス10,後イベ
[マレフィセント]黒聖良,野手,メンタル&守備,レンジャー,魔術師(確定)＋至高の外野手(不確定)¶魔術師(確定),完全燃焼(確定),至高の外野手 : 守備力(Sで担当の体感9割),肩力+2,なし,後イベ
[ハートの女王]オクタヴィア,投手,スタミナ&変化球,ガード,逆襲(確定)＋メッタ打ち(不確定)¶鉄人(確定),不屈の魂(確定)＋暴れ球(不確定)¶鉄腕(確定),暴れ球 : 球速,スタミナ+4,なし,後イベ
[誓いの魔球]星井スバル,投手,メンタル&変化球,ガード,切磋琢磨(確定),スターダストシュート(不確定)＋変化球プライド(不確定)¶二刀流(確定),オリ変+金特 : 総変化量,コントロール+4,［SR］タッグボーナス20％¶［PSR］技術ボーナス10,前イベ
[理想のマエケン]前田健太,投手,コントロール&変化球,ガード,明鏡止水(確定),マエケンスライダー(不確定)＋エースの風格(不確定)¶怪童(確定)¶変幻自在(確定),オリ変+金特 : 総変化量,コントロール+2,なし,後イベ
ヒカル,投手+野手,球速&肩力,バウンサー,カリスマ(野手)(不確定)＋広角砲(確定)¶カリスマ(野手)(不確定)＋ハゲタカ(確定),カリスマ(投手)(不確定)＋怪童(確定)¶カリスマ(投手)(不確定)＋必殺火消し人(確定),調査中,なし,なし,前イベ
レッド,投手,メンタル&球速,レンジャー,逆襲(確定)＋勝負師(不確定),形勢逆転(確定)＋勇猛果敢(不確定),調査中,コントロール+2(Lv40以上時),なし,前イベ
天本玲泉,彼女,,スナイパー,洗礼の一撃(確定)＋挑発(不確定),走者釘付(確定)＋金縛り(不確定),挑発、金縛り : 評価(評価MAXで実践上確定),なし,なし,前イベ
東優,野手,メンタル&筋力,バウンサー,読心術(確定),ミスターゼロ(確定),-,走力+2¶肩力+2,なし,前イベ
白瀬芙喜子,投手,スタミナ&変化球,ガード,メッタ打ち(確定)＋大打撃(確定),怪物球威(確定)＋みなぎる活力(不確定)¶怪童(確定)＋みなぎる活力(不確定),みなぎる活力 : 球速,なし,なし,後イベ
雨崎優輝,投手,スタミナ&球速,バウンサー,伝説のサヨナラ男(確定)＋切磋琢磨(確定),怪物球威(確定)＋意気揚々(確定)¶ドクターK(確定)＋意気揚々(確定),-,なし,なし,後イベ
菊度アイラ,投手,球速&変化球,ガード,明鏡止水(確定)＋火事場の馬鹿力(確定)¶威圧感(野手)(確定),鉄仮面(確定)＋ド根性(確定)¶威圧感(投手)(確定),-,スタミナ+2,なし,前イベ
[袴]明星雪華,彼女,,ガード,スイープ(確定)¶大番狂わせ(確定),怪童(確定)¶ドクターK(確定),-,走力+2(Lv40以上時)¶スタミナ+2(Lv40以上時),［SR］初期評価20¶［PSR］イベントボーナス20％,後イベ
[バリスタ]柳生鞘花,野手+投手,打撃&球速,バウンサー,低球必打(確定)＋洗礼の一撃(不確定),精密機械(確定)＋金縛り(不確定),洗礼の一撃、金縛り : 評価(MAXで実践上確定),走力+2¶スタミナ+2,なし,後イベ
黄泉,野手+投手,筋力&コントロール,ガード,一球入魂(確定),闘魂(確定),-,肩力+2,なし,後イベ
アーサー(モンスト),野手,メンタル,ガード,昇り龍(確定)＋ヒートアップ(不確定)¶孤軍奮闘(確定),不屈の魂(確定),ヒートアップ : パワー,守備力+2,なし,前イベ
パンドラ,投手+野手,変化球&肩力,レンジャー,一発逆転王(確定)＋走力バースト(不確定),パンドラボックス(不確定)＋ドクターK(不確定)¶内無双(確定),調査中,コントロール+2¶捕球+2,なし,後イベ
ワーちゃん,野手,メンタル,ガード,情熱エール(確定)＋気迫ヘッド(不確定),ギアチェンジ(確定)＋勝利の星(不確定),気迫ヘッド : 走力(Sで担当の体感8割前後),なし,［SR］やる気効果UP50％¶［PSR］タッグボーナス40％,後イベ
パーちゃん,野手+投手,筋力&球速,ガード,アイコンタクト(確定)＋重戦車(不確定),意気揚々(確定)＋必殺火消し人(不確定),調査中,なし,［SR］タッグボーナス20％¶［PSR］精神ボーナス10,前イベ
キリル・フォスター,投手+野手,変化球&打撃,レンジャー,エースキラー(確定)＋ストレートキラー(確定),マインドブレイカー(確定)＋アームブレイカー(確定),-,パワー+4,なし,後イベ
[キング]阿麻央真,投手,スタミナ&変化球,ガード,明鏡止水(確定),エクスカリバー(不確定)＋ジャストフィット(不確定)¶鉄仮面(確定),エクスカリバー、ジャストフィット : 球速(160キロで担当の体感3割前後),球速+1,［SR］変化球ボーナス10¶［PSR］得意練習率UP20％,前イベ
明智光秀,野手,守備,レンジャー,スイープ(確定)¶高速ベースラン(確定),超尻上がり(確定)¶ギアチェンジ(確定),-,ミート+2(Lv40以上時)¶走力+2(Lv40以上時),なし,前イベ
[サンタ]小山雅,野手,メンタル,ガード,魔術師(確定)¶魔術師(確定)＋至高の遊撃手(不確定),二刀流(確定),至高の遊撃手 : 守備力(Sで担当の体感6割前後),ミート+2,なし,後イベ
郡司知将,野手,肩力,スナイパー,看破(確定),闘魂(確定),-,守備力+2,なし,後イベ
ゼンザイ,投手+野手,コントロール&走塁,バウンサー,切磋琢磨(確定)＋伝説のサヨナラ男(確定),オリジナル変化球(不確定)＋強心臓(確定)¶驚異の切れ味(確定)＋強心臓(確定),-,なし,［SR］敏捷ボーナス10¶［PSR］タッグボーナス40％,後イベ
浮見葉勘,野手,筋力,ガード,エースキラー(確定),勝利の星(確定),-,走力+2¶肩力+2,なし,前イベ
千代姫,野手,メンタル,レンジャー,牛若丸(確定)＋ホームランボール(不確定),ミスターゼロ(確定)＋勝利の星(不確定),ホームランボール、勝利の星 : 戦国高校では確定(その他では恐らく依存なし),捕球+2,なし,前イベ
番堂長児,野手,打撃,バウンサー,不動の四番(確定)¶広角砲(確定),ド根性(確定),-,ミート+2(Lv40以上時),なし,前イベ
[ミッキーマウス]八尺巫女子,投手+野手,変化球&走塁,ガード,気迫ヘッド(確定)¶孤軍奮闘(確定),原点投球(確定)¶内無双(確定),-,コントロール+2¶スタミナ+2,［SR］やる気効果UP50％¶［PSR］精神ボーナス12,後イベ
[ミニーマウス]小嵐リョウ,野手,守備,ガード,伝説のサヨナラ男(確定),先手必奪(確定),-,走力+2¶守備力+2,［SR］初期評価20¶［PSR］練習効果UP30％,前イベ
[ドナルドダック]美園千花,野手,筋力&守備,ガード,明鏡止水(確定)＋大打撃(不確定),鉄腕(確定)＋ドクターK(不確定),大打撃 : パワー(101以上で実践上確定),捕球+2¶守備力+4(PSR覚醒時),［SR］練習効果UP20％¶［PSR］守備力上限UP4,後イベ
阿久津赤光,野手+投手,走塁&変化球,バウンサー,電光石火(確定)＋高速ベースラン(不確定)¶トリックスター(確定)＋高速ベースラン(不確定),ハイスピンジャイロ(確定)＋高速ベースラン(確定),高速ベースラン : 走力(Sで担当の体感9割),ミート+2¶走力+2,なし,後イベ
[秘めたる力]神良美砂,野手,打撃&肩力,バウンサー,心眼(不確定)¶電光石火(確定),闘魂(確定),心眼 : パワー(101以上で実践上確定),ミート+2¶肩力+2,なし,後イベ
[マジカルプレイヤー]魔近ルウ,野手,筋力,ガード,火事場の馬鹿力(確定),完全燃焼(確定),-,パワー+2(Lv40以上時),なし,前イベ
[十全たる]一ノ瀬塔哉,投手,コントロール,スナイパー,なし,変幻自在(確定)¶ドクターK(確定),-,スタミナ+2,なし,前イベ
盛本雄飛,投手,変化球,バウンサー,ストライク送球(確定),怪童(確定)＋鉄仮面(不確定),鉄仮面 : ドラフト順位(1位で確定),なし,なし,前イベ
[ワイルド]納見新造,野手,メンタル,レンジャー,勝負師(確定)¶一球入魂(確定),超尻上がり(確定)¶アームブレイカー(確定),-,守備力+2¶走力+2,なし,後イベ
[エクソシスト]史門泰司,投手,スタミナ,ガード,洗礼の一撃(確定),バニシングクロス(不確定)＋必殺火消し人(不確定)¶暴れ球(確定),調査中,スタミナ+2(Lv40以上時),なし,後イベ
[ユニフォーム]片桐恋,彼女,,ガード,ストライク送球(確定),金縛り(確定),-,肩力+2¶捕球+2,［SR］初期評価20¶［PSR］イベントボーナス30％,前イベ
古賀春華,相棒,,ガード,高速レーザー(確定),マインドブレイカー(確定),-,ミート+2,なし,前イベ
雨宮ひかり,相棒,,ガード,スイープ(確定),変幻自在(確定),-,肩力+2¶コントロール+2,なし,後イベ
橘英雄,野手,筋力&打撃,レンジャー,広角砲(確定)¶代打の神様(確定),不屈の魂(確定),-,走力+2¶捕球+2 or 4(SR覚醒時),［SR］捕球上限UP2¶［PSR］初期評価30,前イベ
国見比呂,投手,変化球,レンジャー,ヒートアップ(確定),強心臓(確定)＋エースの風格(不確定),エースの風格 : コントロール(101以上で実践上確定),スタミナ+4(PSR覚醒時),［SR］得意練習率UP20％¶［PSR］スタミナ上限UP4,後イベ
本場あんこ,野手,筋力&守備,ガード,重戦車(確定)¶ホームランボール(確定),ド根性(確定)¶形勢逆転(確定),-,パワー+2,なし,後イベ
[ワールドクラス]猪狩進,野手,守備&打撃,ガード,挑発(確定)¶広角砲(確定)捕手時¶球界の頭脳(確定),なし,-,守備+2¶ミート+4(PSR覚醒時),［SR］得意練習率UP20％¶［PSR］ミート上限UP4,前イベ
戸内聖華,彼女,,ガード,ヒートアップ(確定)＋洗礼の一撃(確定),完全燃焼(確定)＋先手必奪(確定),-,なし,なし,後イベ
塚見リフター,野手,筋力&肩力,ガード,ストライク送球(確定)¶高球必打(確定),超尻上がり(確定)¶精密機械(確定),-,肩力+2,なし,後イベ
塚見巴,投手+野手,コントロール&打撃,ガード,恐怖の満塁男(確定),ハイスピンジャイロ(確定),-,肩力+2¶守備力+2,なし,前イベ
カイル・モラレス,野手,走塁&守備,ガード,走力バースト(確定),完全燃焼(確定),-,走力+2,なし,前イベ
[ワールドクラス]猪狩守,投手+野手,球速&打撃,レンジャー,アーチスト(確定),ミスターゼロ(確定),-,球速+1(Lv40以上時),［SR］技術ボーナス10,後イベ
ミンミン,野手,メンタル&肩力,レンジャー,精神的支柱(確定),驚異の切れ味(確定),-,捕球+2(Lv40以上時),なし,前イベ
カリーナ,彼女,,ガード,アイコンタクト(確定),完全制圧(確定),-,ミート+2¶コントロール+2,なし,前イベ
バーリス・ロセオ,投手,球速,バウンサー,一発逆転王(確定),鉄腕(確定)＋形勢逆転(不確定),形勢逆転 : コントロール(Sで担当の体感8割前後),なし,なし,前イベ
[織姫]土村乃夢,彼女,,ガード,トリックスター(確定),勝利の星(確定),-,肩力+2(Lv40以上時)¶スタミナ+2(Lv40以上時),なし,後イベ
[彦星]黒珠真,野手,肩力,レンジャー,勝負師(確定)¶ストライク送球(確定)¶代打の神様(確定),闘魂(確定),-,捕球+2,なし,後イベ
[ドラムメジャー]音吹奏,彼女,,ガード,低球必打(確定)＋情熱エール(確定)捕手時¶低球必打(確定)＋ミラクルボイス(確定),みなぎる活力(確定)＋ジャストフィット(確定),-,走力+2¶スタミナ+2,［SR］初期評価20¶［PSR］イベントボーナス0.3,後イベ
[マエストロ]伊能麗示,投手,変化球,レンジャー,ヒートアップ(確定)＋高速レーザー(不確定),驚異の切れ味(確定)＋精密機械(不確定),精密機械 : 変化量(総変14で担当の体感8割),なし,なし,前イベ
矢倍萌雄,野手,走塁&打撃,レンジャー,メッタ打ち(確定)¶電光石火(確定),なし,-,ミート+2(Lv40以上),なし,前イベ
[キャプテン]茂野大吾,相棒,,ガード,精神的支柱(確定),復活(確定),-,捕球+2,なし,後イベ
椛島アニータ,相棒,,ガード,ストライク送球(確定)＋一球入魂(不確定)捕手時¶バズーカ(確定)＋球界の頭脳(不確定),走者釘付(確定)＋原点投球(不確定),一球入魂、球界の頭脳 : 評価(MAXで担当の体感6割前後),なし,なし,前イベ
茂野いずみ,投手,変化球&球速,スナイパー,伝説のサヨナラ男(確定),怪童(確定)＋ドクターK(不確定),ドクターK : 球速,なし,なし,前イベ
[熱き血潮]二宮瑞穂,野手,肩力&打撃,スナイパー,孤軍奮闘(確定)捕手時¶ミラクルボイス(確定),なし,-,肩力+2(Lv40以上時),なし,後イベ
皇帝,投手,変化球,レンジャー,伝説の引っ張り屋(確定)＋広角砲(確定),速球プライド(確定)＋変化球プライド(確定)¶アーチスト(確定),-,なし,なし,前イベ
ブラック,野手,走塁&守備,レンジャー,電光石火(確定)¶牛若丸(確定),なし,-,ミート+2,なし,後イベ
神条紫杏,彼女,,スナイパー,外角必打(確定)¶アーチスト(確定),精密機械(確定)¶強心臓(確定),-,走力+2¶守備力+2,なし,後イベ
[火星オクトパス]アンヌ,投手,球速,バウンサー,伝説の引っ張り屋(確定),ディレイドアーム(確定)¶走者釘付(確定),-,コントロール+2(Lv40以上時),なし,後イベ
[パジャマ]泡瀬満里南,彼女,,ガード,つるべ打ち(確定),超尻上がり(確定),-,ミート+2¶肩力+2,なし,前イベ
小井川乃蒼,相棒,,ガード,大番狂わせ(確定),強心臓(確定),-,走力+2¶コントロール+2,なし,前イベ
黒周成穂,彼女,,スナイパー,安打製造機(確定)¶鉄人(確定),鉄腕(確定)¶アームブレイカー(確定),-,守備力+2¶スタミナ+2,なし,後イベ
オオワダ・ガクト,野手,メンタル&肩力,レンジャー,勝負師(確定)¶広角砲(確定),完全燃焼(確定)¶勝利の星(確定),-,ミート+2,なし,前イベ
アサガミ・キョウスケ,投手,球速&コントロール,バウンサー,芸術的流し打ち(確定)＋情熱エール(不確定),変幻自在(確定)＋ギアチェンジ(不確定),ギアチェンジ : 恐らく依存なし(担当の体感で6割前後),なし,なし,前イベ
サタン,投手,球速,バウンサー,火事場の馬鹿力(確定),オリジナル変化球(不確定)¶不屈の魂(確定),不明,スタミナ+2,なし,後イベ
アミティ,野手,打撃,バウンサー,勝負師(確定)¶情熱エール(確定),みなぎる活力(確定),-,肩力+2,なし,後イベ
アルル,投手,コントロール&変化球,スナイパー,伝説のサヨナラ男(確定),ばよえ〜んボール(不確定)＋勝利の星(不確定)¶強心臓(確定),不明,コントロール+2,なし,前イベ
[十二単]早川あおい,投手,変化球,レンジャー,重戦車(確定)＋走力バースト(不確定),鉄腕(確定)＋ド根性(不確定),ド根性 : スタミナ(Sで担当の体感8割前後),なし,なし,後イベ
[エプロン]夢城優花,投手,変化球,レンジャー,アーチスト(確定)¶芸術的流し打ち(確定),怪物球威(確定)¶マインドブレイカー(不確定),マインドブレイカー : 変化量,コントロール+2,［SR］得意練習率UP20％¶［PSR］技術ボーナス10,後イベ
[トレーナー]加藤理香,相棒,,ガード,安打製造機(確定)¶広角砲(確定),変幻自在(確定)¶速球プライド(確定),-,守備力+2¶スタミナ+2,なし,前イベ
[袴]友沢亮,野手,肩力&打撃,スナイパー,ストライク送球(確定)¶至高の二塁手(不確定),二刀流(確定),至高の二塁手 : 守備力(Sで担当の体感6割前後),守備力+2¶ミート+4(PSR覚醒時のみ),［SR］試合経験点ボーナス20％¶［PSR］ミート上限UP4,後イベ
社長,野手,筋力&打撃,レンジャー,一発逆転王(不確定)¶大打撃(確定),強心臓(確定),一発逆転王 : パワー(Sで担当の体感8割前後),パワー+2,なし,前イベ
[サンタ]佐菜あゆみ,選手兼彼女+投手,スタミナ&メンタル,ガード,なし,ジャストフィット(確定)¶怪童(確定),-,コントロール+2,なし,後イベ
[アンドロメダ]加藤京子,彼女,,ガード,スイープ(確定),ドクターK(確定),-,ミート+2¶コントロール+2,なし,後イベ
DJB-K,野手,肩力,スナイパー,アーチスト(不確定)＋広角砲(不確定),ド根性(確定),アーチスト&広角砲 : パワー(Sで担当の体感6割前後),なし,なし,後イベ
ジャベリン五十嵐,野手,走塁&打撃,バウンサー,一番槍(確定),先手必奪(確定),-,走力+2,なし,前イベ
ガジェット落合,野手,筋力&走塁,ガード,ハゲタカ(確定)¶ホームランボール(不確定),完全制圧(確定),不明,肩力+2,なし,後イベ
[好敵手]猪狩守,投手,球速&変化球,レンジャー,高球必打(確定),勇猛果敢(確定)¶カイザーライジング(不確定 : 球速依存?),カイザーライジング : 球速,球速+1,［SR］技術ボーナス10¶［PSR］やる気効果UP100％,後イベ
[バス停前]田中山太郎,野手,守備&打撃,バウンサー,メッタ打ち(確定)¶情熱エール(確定)¶至高の遊撃手(不確定),原点投球(確定),至高の遊撃手 : 恐らく依存なし(担当の体感6割前後),守備力+2,なし,後イベ
[小悪魔]橘みずき,投手,コントロール,スナイパー,明鏡止水(確定),変幻自在(確定),-,コントロール+6(PSR覚醒時),［SR］精神ボーナス10¶［PSR］コントロール上限UP4,前イベ
[フランケン]往田真威人,野手+投手,筋力&球速,ガード,アーチスト(確定)＋威圧感(野手)(不確定)¶つるべ打ち(確定)＋威圧感(野手)(不確定),怪物球威(確定),威圧感 : パワー(Sで担当の体感5割前後),ミート+4(PSR覚醒時),［SR］コツイベ率UP30％¶［PSR］ミート上限UP4,後イベ
[新怪物伝説]降谷暁,投手+野手,球速&肩力,バウンサー,逆襲(確定)＋明鏡止水(不確定),怪童(確定)＋怪物球威(不確定),怪物球威 : デッキに不動沢村がいるか(いる際は担当の体感9割),なし,なし,前イベ
[不動]沢村栄純,投手,スタミナ&変化球,ガード,エースキラー(確定)＋切磋琢磨(不確定),エースの風格(確定)＋変幻自在(不確定),変幻自在 : デッキに怪物降谷がいるか(いる際は担当の体感9割),なし,なし,後イベ
奥村光舟,野手,肩力&守備,スナイパー,読心術(不確定)¶魔術師(確定)捕手時¶球界の頭脳(確定)¶バズーカ(確定),鉄仮面(確定),読心術 : 恐らく依存なし(担当の体感で5割前後),肩力+2,なし,前イベ
由井薫,野手,メンタル&筋力,ガード,牛若丸(確定)¶広角砲(確定),二刀流(確定),-,捕球+2,なし,後イベ
[不動の四番]御幸一也,野手,守備&筋力,レンジャー,広角砲(確定),ジャストフィット(確定),-,守備力+2,なし,後イベ
[開眼]小湊春市,野手,打撃,バウンサー,安打製造機(確定)¶スイープ(確定),ギアチェンジ(確定),-,ミート+2,なし,前イベ
寺道登,野手,肩力,スナイパー,安打製造機(確定)¶至高の外野手(不確定),鉄腕(確定),至高の外野手 : 守備力(Sで担当の体感6割前後),走力+2,なし,前イベ
ロディ・ブライト,投手,スタミナ&球速,バウンサー,低球必打(確定),形勢逆転(確定)¶闘魂(確定),-,スタミナ+2,なし,前イベ
明神陽,投手+野手,球速&筋力,バウンサー,逆襲(確定),ミオストレート(不確定)＋みなぎる活力(不確定)¶強心臓(確定)＋クロスキャノン(確定),ミオストレート : 球速(160キロで担当の体感4割前後だったが4/4アプデで成功率UP),スタミナ+2¶肩力+2,なし,後イベ
天音姫恋,野手,打撃&走塁,バウンサー,エースキラー(確定)¶電光石火(確定),完全制圧(確定),-,ミート+2¶捕球+2,なし,後イベ
軍導英雄,野手,打撃,バウンサー,大打撃(不確定)¶重戦車(不確定),勇猛果敢(不確定),不明,ミート+2,なし,前イベ
沖野海里,野手,メンタル&筋力,ガード,アーチスト(確定)¶安打製造機(確定),怪童(確定)¶強心臓(確定),-,肩力+2,なし,前イベ
泡瀬満里南,彼女,,ガード,不動の四番(確定)＋祝福(不確定),不屈の魂(確定)＋意気揚々(不確定),祝福、意気揚々 : 評価？(評価MAXで担当の体感4割前後),守備力+2¶コントロール+2,なし,前イベ
梶増人,投手+野手,変化球&肩力,レンジャー,火事場の馬鹿力(確定)＋情熱エール(不確定),完全燃焼(確定)＋復活(不確定),不明,なし,なし,後イベ
館橋水奈都,野手,走塁,レンジャー,芸術的流し打ち(確定)¶切磋琢磨(確定),変幻自在(確定)¶二刀流(確定),-,走力+2,なし,後イベ
新田明男,野手,打撃&筋力,バウンサー,アーチスト(確定),走者釘付(確定),-,ミート+2,なし,後イベ
浅倉南,相棒,,ガード,挑発(確定)＋勝負師(不確定),本塁打厳禁(確定)＋エースの風格(不確定),エースの風格 : 公式戦勝利数(甲子園優勝で実践上確定),なし,なし,後イベ
上杉達也,投手,スタミナ&球速,ガード,一発逆転王(確定),ジャストフィット(確定)＋勝利の星(不確定),勝利の星 : 球速(160キロで担当の体感6割前後),なし,なし,前イベ
[マンボ]熱盛宗厚,投手+野手,コントロール&打撃,レンジャー,安打製造機(確定)¶昇り龍(確定),オリジナル変化球(不確定)¶ド根性(確定),不明,ミート+2¶コントロール+2,なし,前イベ
野球マン5号,野手,メンタル&守備,バウンサー,走力バースト(確定),勇猛果敢(確定),-,ミート+2,なし,後イベ
七瀬はるか,彼女,,ガード,芸術的流し打ち(確定)¶読心術(確定),本塁打厳禁(確定)¶ハイスピンジャイロ(確定),-,スタミナ+2,なし,後イベ
照守亜珠美,彼女,,バウンサー,一球入魂(確定),闘魂(確定),-,パワー+2,なし,後イベ
ミッキー・バーミリオン,野手,走塁&守備,ガード,一番槍(確定)¶トリックスター(確定),なし,-,ミート+2,なし,後イベ
[おやすみ]須々木清吾,野手,メンタル&守備,ガード,読心術(不確定),不屈の魂(確定),読心術 : 評価？(評価MAXで担当の体感9割),守備力+2,なし,後イベ
深見和仁,投手,スタミナ&コントロール,レンジャー,内角必打(確定),強心臓(確定),-,スタミナ+2,なし,前イベ
佐菜あゆみ,選手兼彼女+投手,メンタル,バウンサー,左キラー(野手)(確定),左キラー(投手)(確定)¶先手必奪(確定),-,コントロール+2,なし,後イベ
立花音美,相棒,,スナイパー,帰巣本能(確定),原点投球(確定),-,ミート+2,なし,後イベ
立花走一郎,野手,肩力&守備,レンジャー,精神的支柱(不確定)捕手時¶球界の頭脳(確定),ジャストフィット(確定),精神的支柱 : 守備力(Sで担当の体感6割前後),肩力+2,なし,前イベ
立花投馬,投手+野手,球速&筋力,ガード,伝説のサヨナラ男(確定),アームブレイカー(不確定)¶必殺火消し人(確定),アームブレイカー : 球速(160キロで担当の体感5割前後),コントロール+2¶ミート+2,なし,後イベ
[王子]冴木創,野手,メンタル&打撃,バウンサー,逆襲(確定)¶アイコンタクト(確定),先手必奪(確定)¶形勢逆転(確定),-,捕球+2,なし,後イベ
[そよ風]阿畑やすし,投手,変化球,レンジャー,なし,変化球プライド(確定)＋鉄腕(不確定)¶オリジナル変化球(確定),不明,なし,なし,前イベ
トキ,野手,守備,ガード,芸術的流し打ち(確定),変幻自在(確定),-,守備力+2,なし,後イベ
ジャギ,野手,走塁,レンジャー,祝福(確定)＋電光石火(不確定),鉄仮面(確定),電光石火 : 評価？(評価MAXで担当の体感4割前後),走力+4(PSR覚醒時のみ),［SR］筋力ボーナス10¶［PSR］走力上限UP4,前イベ
リン,相棒,,ガード,アーチスト(確定),みなぎる活力(確定),-,捕球+4(PSR覚醒時のみ),［SR］初期評価20¶［PSR］捕球上限UP4,後イベ
サウザー,投手,変化球,レンジャー,情熱エール(確定),復活(確定)＋天翔十字鳳(不確定)¶鉄腕(確定)＋天翔十字鳳(不確定),天翔十字鳳 : 変化量(総変14で担当の体感6割前後),コントロール+6(PSR覚醒時のみ),［SR］やる気効果UP100％¶［PSR］コントロール上限UP6,後イベ
ラオウ,投手,スタミナ&球速,ガード,不動の四番(確定),怪童(確定)¶エースの風格(確定),-,スタミナ+6(PSR覚醒時のみ),［SR］やる気効果UP100％¶［PSR］スタミナ上限UP6,前イベ
トラッキー,相棒,,ガード,牛若丸(確定),不屈の魂(確定),-,なし,なし,前イベ
[エプロン]泊方明日音,選手兼彼女+投手,スタミナ,ガード,一発逆転王(確定),ギアチェンジ(確定),-,なし,なし,後イベ
[二刀流]十六夜瑠菜,投手+野手,変化球&筋力,バウンサー,エースキラー(確定),勇猛果敢(確定)¶必殺火消し人(確定),-,なし,なし,前イベ
石上一心,野手,肩力,スナイパー,魔術師(確定)¶内野安打王(不確定)¶超ラッキーボーイ(確定)¶至高の三塁手(不確定),なし,至高の三塁手 : 守備力(Sで担当の体感8割前後),捕球+2,なし,後イベ
姉ヶ崎寧々,彼女,,ガード,洗礼の一撃(確定),ド根性(確定),-,捕球+2(SR以上覚醒時),［SR］捕球上限UP2¶［PSR］イベントボーナス20％,前イベ
小早川凛子,彼女,,ガード,大打撃(確定),暴れ球(確定),-,コントロール+2(SR以上覚醒時),［SR］コントロール上限UP2¶［PSR］イベントボーナス20％,後イベ
高嶺愛花,彼女,,ガード,切磋琢磨(確定),原点投球(確定),-,守備力+2(SR以上覚醒時),［SR］守備力上限UP2¶［PSR］イベントボーナス20％,前イベ
[はちまき]浪風芽衣香,野手,メンタル&打撃,レンジャー,一球入魂(確定)＋鉄人(不確定),不屈の魂(確定)＋鉄人(不確定),鉄人 : ミート(Sで担当の体感9割),なし,［SR］コツイベント率UP50％¶［PSR］やる気効果UP75％,後イベ
オクタヴィア,投手,スタミナ&変化球,ガード,逆襲(確定),完全制圧(不確定)¶オクトスモーク(不確定),オクトスモーク : 変化量(総変14で担当の体感4割前後),スタミナ+2,なし,後イベ
[サンタ]美多村知秋,投手,コントロール,バウンサー,挑発(確定)＋明鏡止水(不確定),二刀流(確定)＋みなぎる活力(不確定),-,なし,なし,後イベ
[帝王実業]猛田慶次,野手,メンタル,ガード,勝負師(不確定)＋明鏡止水(不確定),強心臓(不確定),不明,なし,［SR］タッグボーナス20％¶［PSR］やる気効果UP75％,前イベ
堂江竜河,投手,コントロール&球速,レンジャー,なし,闘魂(確定)¶怪童(確定)¶精密機械(確定),-,コントロール+2,なし,前イベ
土村乃夢,彼女,,ガード,帰巣本能(確定),ジャストフィット(確定),-,肩力+2,なし,後イベ
伍歩倫人,野手,肩力,スナイパー,勝負師(確定)＋左キラー(野手)(確定)捕手時¶球界の頭脳(確定)＋左キラー(野手)(確定),形勢逆転(確定),-,肩力+2(SR以上覚醒時),［SR］肩力上限UP2¶［PSR］タッグボーナス40％,後イベ
黒衛隆富,野手,守備,ガード,火事場の馬鹿力(確定)¶至高の二塁手(不確定),完全燃焼(確定),至高の二塁手 : 守備力(Sで担当の体感6割前後),なし,なし,前イベ
レイ,投手,コントロール,スナイパー,切磋琢磨(),驚異の切れ味(確定)＋飛燕流舞(不確定)¶驚異の切れ味(確定)＋完全燃焼(不確定),不明,コントロール+2,なし,前イベ
シン,投手,球速&変化球,バウンサー,ハゲタカ(確定),変化球プライド(確定)＋南斗千首龍撃(不確定)¶変化球プライド(確定)＋本塁打厳禁(不確定),南斗千首龍撃 : 球速(160キロで担当の体感7割前後),なし,［SR］得意練習率UP20％¶［PSR］精神ボーナス12,後イベ
ケンシロウ,野手,筋力&打撃,バウンサー,大打撃(不確定),変幻自在(確定),-,ミート+2,［SR］精神ボーナス10¶［PSR］やる気効果UP1,前イベ
黒聖良,野手,メンタル&走塁,レンジャー,牛若丸(不確定),勇猛果敢(確定),不明,肩力+2,なし,後イベ
[修羅]木場嵐士,投手,球速,レンジャー,気迫ヘッド(確定),速球プライド(確定)＋爆裂ストレート(不確定)¶速球プライド(確定)＋破裂ストレート(不確定),オリスト : 球速(160キロで担当の体感8割前後),なし,［SR］やる気効果UP50％¶［PSR］筋力ボーナス10,前イベ
[降臨]虹谷誠,投手,変化球&球速,レンジャー,一球入魂(確定),本塁打厳禁(確定)＋天使降臨(不確定)¶鉄仮面(確定)¶先手必奪(確定),天使降臨：不明,コントロール+4(SR覚醒時のみ),［SR］コントロール上限UP4¶［PSR］タッグボーナス40％,後イベ
眉村渉,相棒,,ガード,内野安打王(確定),不屈の魂(確定),-,なし,なし,後イベ
眉村道塁,相棒,,ガード,切磋琢磨(確定),速球プライド(確定),-,コントロール+2,なし,前イベ
[ユニフォーム]比良女木美々,彼女,,ガード,伝説のサヨナラ男(確定),怪物球威(確定),-,守備力+2¶コントロール+2,なし,前イベ
須神絵久,彼女,,ガード,高球必打(確定),二刀流(確定),-,コントロール+2,なし,後イベ
黒戸もね,彼女,,ガード,走力バースト(確定),走者釘付(確定),-,走力+2,なし,前イベ
[麦わら]夏野向日葵,野手,守備&肩力,スナイパー,祝福(確定)＋魔術師(不確定),意気揚々(確定),魔術師 : 恐らく依存なし(担当の体感で7割前後),守備力+4(PSR覚醒時のみ),［SR］得意練習率UP20％¶［PSR］守備力上限UP4,後イベ
[北の怪物]田中将大,投手,球速,バウンサー,高速レーザー(確定)¶一番槍(確定),怪物球威(確定)¶ミスターゼロ(確定),-,なし,［SR］得意練習率UP20％¶［PSR］コントロール上限UP4,後イベ
黒珠真,野手,肩力&筋力,レンジャー,精神的支柱(確定)¶ストライク送球(確定),なし,-,ミート+2,なし,後イベ
沢樹末璃,彼女,,レンジャー,ハゲタカ(確定)＋左キラー(野手)(確定),完全燃焼(確定)＋速球プライド(確定),-,なし,なし,後イベ
往田真威人,野手+投手,筋力&球速,バウンサー,逆襲(確定)＋アーチスト(不確定),怪童(確定),-,ミート+4(PSR覚醒時),［SR］コツイベ率UP30％¶［PSR］ミート上限UP4,後イベ
霧崎礼里,野手,走塁&打撃,レンジャー,読心術(不確定),精密機械(確定),読心術 : ミート(Sで担当の体感8割前後),捕球+2,なし,前イベ
闇野栄剛,投手,変化球,スナイパー,洗礼の一撃(確定)¶エースキラー(確定),マインドブレイカー(不確定)¶邪眼球(不確定),マインドブレイカー : スタミナ(Sで担当の体感8割前後)邪眼球 : 変化量(総変14で担当の体感4割前後),なし,なし,前イベ
[焔月輪の白虎]ハク,野手,打撃,バウンサー,孤軍奮闘(確定),みなぎる活力(不確定),-,ミート+2,［SR］タッグボーナス40％¶［PSR］試合経験点ボーナス10％,後イベ
[絶世の紅龍喚士]ソニア,野手,筋力,レンジャー,不動の四番(確定)¶アーチスト(確定),勇猛果敢(確定),-,守備力+2,［SR］得意練習率UP40¶［PSR］やる気効果UP100％,前イベ
[帽子なし]山口賢,投手,変化球,レンジャー,つるべ打ち(確定),先手必奪(確定),-,なし,なし,前イベ
[聖都の守護神]アテナ,投手,守備&変化球,ガード,切磋琢磨(確定),スターバースト(不確定)¶必殺火消し人(確定),不明,なし,［SR］コツイベント率UP40％¶［PSR］タッグボーナス20％,前イベ
峰巧成,野手,打撃,バウンサー,トリックスター(確定),金縛り(確定),-,なし,なし,後イベ
大戸ルカ,野手,メンタル&守備,ガード,火事場の馬鹿力(確定)捕手時¶鉄の壁(確定),不屈の魂(確定),-,なし,なし,前イベ
佐藤光,相棒,,ガード,アイコンタクト(確定),意気揚々(確定),-,なし,なし,前イベ
佐倉睦子,相棒,,ガード,一発逆転王(確定),形勢逆転(確定),-,なし,なし,後イベ
茂野大吾,相棒,,ガード,情熱エール(確定)捕手時¶ミラクルボイス(確定),勝利の星(確定),-,なし,なし,後イベ
夢城和花,選手兼彼女+野手+投手,肩力&コントロール,スナイパー,アイコンタクト(確定)¶精神的支柱(確定),原点投球(確定)¶先手必奪(確定),-,スタミナ+4(PSR覚醒時のみ),［SR］得意練習率UP40％¶［PSR］スタミナ上限UP4,前イベ
夢城優花,投手,メンタル,レンジャー,読心術(不確定),鉄仮面(不確定),鉄仮面 : コントロール(Sで担当の体感8割前後),コントロール+2,［SR］得意練習率UP20％¶［PSR］技術ボーナス10,後イベ
[ワイルド]神成尊,野手,メンタル,レンジャー,重戦車(確定),クロスキャノン(確定),-,なし,なし,後イベ
[ジェントル]東雲翔也,野手,肩力&守備,ガード,帰巣本能(確定),ジャストフィット(確定),-,なし,なし,前イベ
星空星光,野手,守備,ガード,大番狂わせ(確定)¶勝負師(確定)捕手時¶司令塔(確定)¶球界の頭脳(確定),なし,-,なし,なし,前イベ
[真剣]柳生鞘花,野手+投手,打撃&球速,バウンサー,洗礼の一撃(確定),金縛り(確定),-,なし,なし,後イベ
榎下舞那美,彼女,,ガード,外角必打(確定)¶一番槍(確定),必殺火消し人(確定)¶勝利の星(確定),-,なし,なし,後イベ
覆水武明,投手,球速,ガード,エースキラー(確定),ブレッドシュート(不確定)¶驚異の切れ味(確定),不明,なし,なし,前イベ
凡田大介,投手,メンタル,レンジャー,高速ベースラン(確定),変幻自在(確定),-,なし,なし,前イベ
凡田夏之介,投手,コントロール,レンジャー,勝負師(確定),原点投球(不確定),不明,なし,なし,後イベ
[私服]賀真口摩音,彼女,,ガード,看破(確定),ミスターゼロ(確定),-,なし,なし,前イベ
[袴]津乃田梨亜,彼女,,ガード,一番槍(確定),速球プライド(確定),-,ミート+2¶コントロール+2,なし,前イベ
不屈闘志,投手,メンタル&球速,ガード,代打の神様(確定)¶エースキラー(不確定),男球(不確定)¶必殺火消し人(確定),不明,なし,なし,後イベ
ハギワラ・リョウ,投手,コントロール,バウンサー,伝説のサヨナラ男(確定),完全燃焼(確定)＋鉄腕(不確定),不明,なし,なし,前イベ
新屋敷章,野手,守備,ガード,読心術(不確定),意気揚々(不確定),不明,なし,なし,後イベ
月田明子,彼女,,ガード,祝福(確定),マインドブレイカー(不確定),不明,なし,なし,前イベ
[うなる剛速球]茂野吾郎,投手,球速,ガード,高速レーザー(確定),ジャイロフォーク(不確定)＋速球プライド(不確定)¶ハイスピンジャイロ(不確定),不明,なし,［SR］初期評価20¶［PSR］技術ボーナス10,前イベ
[轟く豪打]佐藤寿也,野手,打撃,バウンサー,精神的支柱(確定)＋帰巣本能(不確定)¶威圧感(野手)(不確定)＋不動の四番(不確定)捕手時¶ミラクルボイス(確定)＋帰巣本能(不確定),威圧感(投手)(不確定)＋不動の四番(不確定),不明,捕球+4(PSR覚醒時),［SR］タッグボーナス20％¶［PSR］捕球上限UP4,後イベ
川瀬涼子,投手,コントロール,バウンサー,ヒートアップ(確定),勇猛果敢(確定),-,なし,なし,前イベ
薬師寺,野手,打撃,レンジャー,外角必打(不確定),内無双(不確定),不明,なし,なし,前イベ
[ポコタ]灰塚朔夜,野手+投手,走塁&スタミナ,バウンサー,逆襲(確定),形勢逆転(確定),-,なし,なし,前イベ
[バニー]虹谷彩理,彼女,,ガード,帰巣本能(確定),金縛り(確定),-,なし,なし,前イベ
[エプロン]志藤玲美,野手,打撃&走塁,レンジャー,スイープ(確定),みなぎる活力(確定),-,ミート+2,なし,前イベ
[猫かぶり]大空美代子,野手,筋力,ガード,ヒートアップ(確定),暴れ球(確定),-,なし,なし,前イベ
パワにゃん,投手+野手,球速&走塁,レンジャー,威圧感(野手)(不確定),にゃっくるカーブ(不確定)¶ディレイドアーム(確定),不明,なし,なし,後イベ
[にゃんこ]氷上聡里,彼女,,ガード,洗礼の一撃(確定),内無双(確定),-,なし,なし,前イベ
冴木創,野手,メンタル&打撃,ガード,明鏡止水(確定)¶恐怖の満塁男(確定),強心臓(確定)¶怪物球威(確定),-,守備力+2,なし,後イベ
[サンタ]川星ほむら,野手,走塁,レンジャー,代打の神様(確定),先手必奪(確定),-,なし,なし,前イベ
[メガネ]東條小次郎,野手,筋力,ガード,高球必打(確定)＋ローリング打法(確定),超尻上がり(確定),-,なし,なし,後イベ
久根美亜,彼女,,ガード,一発逆転王(確定),変化球プライド(確定),-,なし,なし,後イベ
[挑戦者]大谷翔平,投手+野手,球速&筋力,バウンサー,精神的支柱(確定)¶広角砲(確定),不屈の魂(確定)¶ドクターK(確定),-,肩力+4(PSR覚醒時のみ),［SR］コツイベ率UP40％¶［PSR］肩力上限UP4,前イベ
岸田卓,野手,打撃,レンジャー,重戦車(確定)¶至高の一塁手(不確定),ド根性(確定),至高の一塁手 : 守備力(Sで担当の体感7割前後),ミート+2,なし,前イベ
望戸紅,野手,メンタル,レンジャー,魔術師(確定)¶ハゲタカ(不確定),精密機械(確定)¶マインドブレイカー(不確定),不明,なし,［SR］得意練習率UP20¶［PSR］精神ボーナス10,前イベ
ランスロット,投手,守備,レンジャー,情熱エール(確定),走者釘付(確定),-,なし,なし,後イベ
阿麻央真,投手,スタミナ&変化球,ガード,大番狂わせ(確定)¶エースキラー(不確定),エクスカリバー(不確定)＋変化球プライド(不確定)¶変幻自在(確定),不明,なし,［SR］変化球ボーナス10¶［PSR］得意練習率UP20％,前イベ
村雨,野手,肩力,スナイパー,アイコンタクト(確定),ジャストフィット(確定),-,なし,なし,後イベ
箱崎拳,野手,打撃,バウンサー,メッタ打ち(確定)¶ローリング打法(確定),変幻自在(確定)¶怪物球威(確定),-,なし,なし,前イベ
[ユニフォーム]相良識,彼女,,ガード,逆襲(確定),鉄腕(確定),-,捕球+2,なし,前イベ
大塔俊二,投手,変化球,レンジャー,超ラッキーボーイ(確定),みなぎる活力(確定),-,なし,なし,後イベ
御厨真歩,彼女,,ガード,トリックスター(確定)＋左キラー(野手)(確定),勇猛果敢(確定)＋変化球プライド(確定),-,なし,なし,前イベ
[キャストオフ]内藤明瑠,野手,肩力,ガード,洗礼の一撃(不確定),マインドブレイカー(不確定),不明,なし,なし,前イベ
[浴衣]小嵐リョウ,選手兼彼女+野手,守備,ガード,芸術的流し打ち(確定),形勢逆転(確定),-,なし,［SR］初期評価20¶［PSR］練習効果UP30％,前イベ
[浴衣]美園千花,選手兼彼女+野手,筋力,ガード,精神的支柱(確定)捕手時¶司令塔(確定),なし,-,守備力+4(PSR覚醒時),［SR］練習効果UP20％¶［PSR］守備力上限UP4,後イベ
[ユニフォーム]鴨川しぐれ,彼女,,ガード,低球必打(確定)捕手時¶ささやき戦術(確定),みなぎる活力(確定),-,走力+4(PSR覚醒時のみ),［SR］初期評価20¶［PSR］走力上限UP4,後イベ
荒方紀礼,野手,打撃&筋力,バウンサー,スイープ(不確定),ミスターゼロ(確定),不明,なし,なし,前イベ
前園健太,野手,筋力,ガード,一発逆転王(確定),形勢逆転(確定),-,なし,なし,後イベ
金丸信二,野手,打撃&メンタル,バウンサー,昇り龍(確定),不屈の魂(確定),-,なし,なし,前イベ
白州健二郎,野手,打撃,バウンサー,エースキラー(不確定),ド根性(確定),不明,なし,なし,後イベ
東条秀明,野手,守備,スナイパー,大番狂わせ(確定),驚異の切れ味(確定),-,守備力+2,なし,前イベ
天久光聖,投手,変化球,レンジャー,つるべ打ち(不確定),変化球プライド(不確定),不明,なし,なし,前イベ
津乃田梨亜,彼女,,ガード,挑発(確定)¶伝説の引っ張り屋(確定),超尻上がり(確定)¶本塁打厳禁(確定),-,ミート+2¶コントロール+2,なし,前イベ
大豪月,投手,球速,レンジャー,メッタ打ち(確定)¶威圧感(野手)(不確定),暴れ球(確定)¶威圧感(投手)(不確定),不明,なし,なし,後イベ
音吹奏,彼女,,ガード,情熱エール(確定)捕手時¶ミラクルボイス(確定),ジャストフィット(確定),-,なし,［SR］初期評価20¶［PSR］イベントボーナス30％,後イベ
志藤玲美,野手,打撃&走塁,レンジャー,安打製造機(確定),変幻自在(確定),-,なし,なし,前イベ
大越清亮,野手,筋力,バウンサー,気迫ヘッド(確定),なし,-,なし,なし,後イベ
伊能麗示,投手,変化球,スナイパー,読心術(不確定),金縛り(確定),不明,なし,なし,前イベ
[浴衣]八尺巫女子,選手兼彼女+野手,走塁,レンジャー,切磋琢磨(確定),なし,-,走力+4(PSR覚醒時),［SR］やる気効果UP50％¶［PSR］走力上限UP4,前イベ
大谷翔平,投手+野手,球速&筋力,バウンサー,切磋琢磨(確定),オリジナルストレート(不確定)¶速球プライド(確定),不明,肩力+4(PSR覚醒時のみ),［SR］コツイベ率UP40％¶［PSR］肩力上限UP4,前イベ
五十嵐権三,野手,肩力,スナイパー,メッタ打ち(確定),不屈の魂(確定),-,なし,なし,後イベ
[あかつき]猪狩進,野手,守備&打撃,ガード,内角必打(確定)捕手時¶ミラクルボイス(不確定),なし,不明,ミート+4(PSR覚醒時のみ),［SR］得意練習率UP20％¶［PSR］ミート上限UP4,前イベ
[ユニフォーム]木村美香,彼女,,ガード,アイコンタクト(確定),勝利の星(確定),-,なし,［SR］初期評価20¶［PSR］イベントボーナス20％,前イベ
[ユニフォーム]木場静火,彼女,,ガード,情熱エール(確定),意気揚々(確定),-,なし,［SR］初期評価20¶［PSR］イベントボーナス20％,後イベ
銀崎ゆうる,彼女,,ガード,伝説の引っ張り屋(確定),先手必奪(確定),-,なし,なし,後イベ
花散院ユウ,野手,走塁&メンタル,バウンサー,トリックスター(不確定),走者釘付(確定),不明,なし,なし,前イベ
水無月要,野手,筋力,ガード,内角必打(確定)¶精神的支柱(不確定),不屈の魂(確定)¶内無双(不確定),不明,なし,なし,前イベ
ブラックドロイド,投手,スタミナ,レンジャー,なし,ヴォイドスライダー(不確定)¶クロスキャノン(確定),不明,なし,なし,後イベ
桜沢樹,投手,球速,バウンサー,一球入魂(確定)¶昇り龍(不確定),怪物球威(確定)¶超尻上がり(不確定),不明,なし,なし,後イベ
マルチドロイド,野手,筋力&守備,ガード,広角砲(不確定)捕手時¶バズーカ(確定),なし,不明,なし,なし,前イベ
NCM-753,彼女,,ガード,つるべ打ち(確定),みなぎる活力(確定),-,なし,なし,前イベ
魁竜司,野手,走塁&守備,バウンサー,一番槍(確定),必殺火消し人(確定),-,なし,［SR］タッグボーナス20％¶［PSR］精神ボーナス12,前イベ
千賀篤志,野手,筋力,ガード,火事場の馬鹿力(確定),強心臓(確定),-,なし,なし,後イベ
江暦輝,投手,変化球,レンジャー,電光石火(確定),サンダーボルト(不確定),不明,なし,なし,後イベ
[帰ってきた]古長衛士,野手,筋力,ガード,伝説の引っ張り屋(不確定),なし,不明,なし,なし,後イベ
[激闘]友沢亮,野手+投手,肩力&変化球,スナイパー,切磋琢磨(不確定),ド根性(不確定),不明,ミート+4(PSR覚醒時のみ),［SR］試合経験点ボーナス20％¶［PSR］ミート上限UP4,後イベ
[ユニフォーム]エミリ,彼女,,ガード,内角必打(確定),暴れ球(確定),-,なし,なし,後イベ
クィーンバタフライ,野手,走塁&肩力,レンジャー,高速レーザー(確定)＋大番狂わせ(不確定)¶ローリング打法(確定)¶威圧感(野手)(不確定)＋明鏡止水(不確定),威圧感(投手)(不確定),不明,ミート+4(PSR覚醒時),［SR］得意練習率UP20％¶［PSR］ミート上限UP4,後イベ
ガブリエル,彼女,,ガード,祝福(確定)＋帰巣本能(確定)¶伝説のサヨナラ男(確定),復活(確定)＋原点投球(確定)¶伝説のサヨナラ男(確定),-,なし,［SR］初期評価20¶［PSR］イベントボーナス40％,後イベ
ルシファー,投手+野手,変化球&筋力,スナイパー,つるべ打ち(確定)＋看破(不確定),エナサーストレート(不確定)¶先手必奪(確定)＋ディレイドアーム(不確定),不明,なし,［SR］コツイベ率UP40％¶［PSR］タッグボーナス50％,前イベ
[サンバ]新島早紀,選手兼彼女+野手,打撃,バウンサー,エースキラー(確定),なし,-,なし,［SR］タッグボーナス30％¶［PSR］やる気効果UP50％,前イベ
掘杉等,野手,筋力,ガード,広角砲(確定)＋ローリング打法(不確定)¶火事場の馬鹿力(確定),不屈の魂(確定)＋みなぎる活力(不確定),不明,なし,なし,前イベ
鳴海悠斗,投手+野手,変化球&打撃,レンジャー,昇り龍(不確定),ミスターゼロ(確定),不明,なし,なし,後イベ
緒川未羽,彼女,,ガード,一番槍(確定),ジャストフィット(確定),-,なし,なし,前イベ
ナヌーク,野手,肩力,レンジャー,魔術師(確定),なし,-,なし,なし,後イベ
ギャネンドラ,野手,走塁&打撃,レンジャー,ヒートアップ(確定),なし,-,なし,なし,前イベ
[野球マン1号]早川あおい,投手,変化球,レンジャー,なし,変幻自在(確定),-,なし,なし,後イベ
[バレンタイン]小鷹美麗,野手,守備,ガード,ストライク送球(確定)¶切磋琢磨(確定)捕手時¶バズーカ(確定),鉄腕(確定),-,なし,なし,前イベ
倉家凪,彼女,,ガード,ヒートアップ(確定),形勢逆転(確定),-,なし,［SR］初期評価20¶［PSR］イベントボーナス30％,後イベ
赤原勘八,野手,打撃,バウンサー,恐怖の満塁男(確定)＋挑発(不確定),マインドブレイカー(不確定),挑発 : 不明,ミート+4(PSR覚醒時のみ),［SR］タッグボーナス20％¶［PSR］ミート上限UP4,前イベ
須々木清吾,野手,守備&メンタル,ガード,つるべ打ち(確定),強心臓(確定),-,なし,なし,後イベ
真黒綱寛,投手,スタミナ&球速,レンジャー,伝説のサヨナラ男(確定)¶精神的支柱(不確定),必殺火消し人(不確定)¶復活(確定),不明,なし,なし,前イベ
鏡空也,野手,筋力&走塁,ガード,広角砲(不確定)¶高球必打(確定),なし,不明,なし,なし,後イベ
泊方明日音,選手兼彼女+投手,スタミナ,ガード,高球必打(確定)¶低球必打(確定),意気揚々(確定)¶怪物球威(確定),-,なし,なし,後イベ
大洲真実,彼女,,ガード,超ラッキーボーイ(確定),ミスターゼロ(確定),-,なし,なし,前イベ
[振袖]小山雅,野手,守備,ガード,情熱エール(確定),ド根性(確定),-,なし,なし,後イベ
風薙豹,野手+投手,打撃&コントロール,バウンサー,勝負師(確定)¶火事場の馬鹿力(確定),復活(確定)¶強心臓(確定),-,コントロール+4(PSR覚醒時のみ),［SR］試合経験点ボーナス10％¶［PSR］コントロール上限UP4,前イベ
[サンタ]太刀川広巳,投手,変化球,レンジャー,なし,精密機械(確定)¶怪物球威(確定)＋鉄腕(不確定),鉄腕 : 不明,なし,なし,後イベ
江戸川文楽,野手,筋力,ガード,一番槍(不確定),怪童(確定),不明,なし,なし,前イベ
吉岡里帆,彼女,,ガード,アーチスト(確定),鉄人(確定),-,なし,なし,後イベ
虹谷彩理,彼女,,ガード,読心術(確定),精密機械(確定),-,なし,なし,前イベ
東雲翔也,野手,肩力&守備,ガード,アイコンタクト(確定),本塁打厳禁(確定),-,なし,なし,前イベ
神成尊,野手,メンタル,レンジャー,メッタ打ち(確定)捕手時¶司令塔(確定),なし,-,なし,なし,後イベ
虹谷誠,投手,変化球&球速,レンジャー,一球入魂(確定),ドクターK(確定)¶驚異の切れ味(確定)¶先手必奪(確定),-,コントロール+4(SR覚醒時のみ),［SR］コントロール上限UP4¶［PSR］タッグボーナス40％,後イベ
美多村知秋,投手,コントロール,バウンサー,内角必打(確定)¶一球入魂(確定),先手必奪(確定)＋鉄腕(確定)¶内無双(確定)＋鉄腕(確定),-,なし,なし,後イベ
紀乃光一,投手,変化球,レンジャー,なし,ハイスピンジャイロ(不確定)¶ミスターゼロ(不確定),不明,なし,なし,後イベ
閃道極,野手,打撃,バウンサー,ローリング打法(不確定),怪童(確定),不明,なし,なし,前イベ
[デスノート]京野小筆,彼女,,ガード,代打の神様(確定),左キラー(投手)(確定),-,なし,なし,前イベ
[野球マン2号]橘みずき,投手,コントロール,スナイパー,なし,クロスキャノン(確定),-,コントロール+4(PSR覚醒時のみ),［SR］精神ボーナス10¶［PSR］コントロール上限UP4,前イベ
灰塚朔夜,野手,走塁,バウンサー,ヒートアップ(不確定),ドクターK(不確定),不明,なし,なし,前イベ
史門泰司,投手,スタミナ,レンジャー,アーチスト(確定)¶伝説のサヨナラ男(確定),シルバーバレット(不確定)¶本塁打厳禁(不確定),不明,なし,なし,後イベ
内藤明瑠,野手,肩力,ガード,火事場の馬鹿力(確定),復活(確定),-,なし,なし,前イベ
神良美砂,彼女,,レンジャー,昇り龍(不確定),怪物球威(確定),不明,なし,なし,後イベ
[野球マン3号]六道聖,野手,守備,レンジャー,切磋琢磨(確定)¶明鏡止水(確定)捕手時¶司令塔(確定)¶球界の頭脳(確定),強心臓(確定),-,守備力+6(PSR覚醒時のみ),［SR］練習効果UP20％¶［PSR］守備力上限UP6,後イベ
魔近ルウ,彼女,,ガード,魔術師(確定),クロスキャノン(確定),-,なし,なし,前イベ
柳生鞘花,野手,打撃,バウンサー,低球必打(不確定),なし,不明,なし,なし,後イベ
紺野美崎,彼女,,ガード,電光石火(確定)捕手時¶司令塔(確定),不屈の魂(確定),-,捕球+4(PSR覚醒時のみ),［SR］イベントボーナス20％¶［PSR］捕球上限UP4,後イベ
[水着]早川あおい,投手,変化球,レンジャー,なし,マリンボール(不確定),不明,なし,なし,後イベ
[水着]六道聖,野手,守備,ガード,低球必打(確定)¶明鏡止水(確定)捕手時¶ささやき戦術(確定)¶球界の頭脳(確定),強心臓(確定),-,守備力+6(PSR覚醒時のみ),［SR］練習効果UP20％¶［PSR］守備力上限UP6,後イベ
八嶋中,野手,走塁,ガード,電光石火(確定),なし,-,なし,なし,後イベ
[水着]橘みずき,投手,コントロール,スナイパー,なし,クレッセントムーン(不確定)¶ミスターゼロ(確定),不明,コントロール+4(PSR覚醒時のみ),［SR］精神ボーナス10¶［PSR］コントロール上限UP4,前イベ
小山雅,野手,守備,ガード,アイコンタクト(不確定),なし,不明,なし,なし,後イベ
七井=アレフト,野手,筋力,ガード,高球必打(確定)¶アーチスト(確定),なし,-,ミート+4(PSR覚醒時),［SR］練習効果UP30％¶［PSR］ミート上限UP4,前イベ
[あかつき]猪狩守,投手,球速,レンジャー,なし,マインドブレイカー(不確定),不明,なし,［SR］技術ボーナス10¶［PSR］やる気効果UP100％,後イベ
四条澄香,彼女,,ガード,メッタ打ち(確定),内無双(確定),-,なし,なし,前イベ
六本木優希,野手,守備,ガード,アイコンタクト(不確定)＋魔術師(不確定),なし,不明,なし,なし,前イベ
四条賢二,野手,メンタル,ガード,精神的支柱(不確定)¶情熱エール(確定),鉄腕(確定)¶本塁打厳禁(確定),不明,なし,なし,前イベ
三本松一,野手,筋力,ガード,ローリング打法(不確定),怪童(確定),不明,なし,なし,後イベ
ジョー・ギブソンJr,野手,筋力,ガード,広角砲(不確定)¶挑発(不確定),精密機械(不確定)¶必殺火消し人(不確定),不明,なし,なし,後イベ
神童裕二郎,投手,コントロール,ガード,なし,超尻上がり(確定),-,なし,なし,後イベ
武野浩太,野手,走塁,バウンサー,左キラー(野手)(不確定)¶高速ベースラン(不確定),なし,不明,なし,なし,前イベ
[ユニフォーム]明星雪華,彼女,,ガード,一球入魂(不確定),驚異の切れ味(不確定),不明,なし,［SR］初期評価20¶［PSR］イベントボーナス20％,後イベ
光野聖良,彼女,,スナイパー,恐怖の満塁男(確定),強心臓(確定),-,なし,なし,後イベ
相良識,彼女,,ガード,内野安打王(確定),復活(確定),-,なし,なし,前イベ
バット＝円島,野手,守備,レンジャー,内角必打(不確定),内無双(不確定),不明,なし,なし,後イベ
兼倉洋平,野手,肩力,バウンサー,つるべ打ち(不確定),勝利の星(確定),不明,なし,なし,後イベ
須藤零人,投手,球速,スナイパー,なし,ディレイドアーム(不確定),不明,なし,なし,前イベ
雷轟遙登,野手,筋力,スナイパー,精神的支柱(不確定),なし,不明,なし,なし,前イベ
二宮瑞穂,野手,打撃,バウンサー,アイコンタクト(不確定)捕手時¶司令塔(不確定),なし,不明,なし,なし,後イベ
[ユニフォーム]氷上聡里,彼女,,ガード,左キラー(野手)(確定),変幻自在(確定),-,なし,なし,前イベ
一ノ瀬塔哉,投手,変化球,レンジャー,なし,ミスターゼロ(確定)¶精密機械(確定),-,なし,なし,前イベ
[ユニフォーム]京野小筆,彼女,,ガード,安打製造機(確定)¶アーチスト(確定),精密機械(確定)¶鉄腕(確定),-,なし,なし,前イベ
木崎彰,野手,肩力,レンジャー,勝負師(不確定)捕手時¶球界の頭脳(確定),なし,不明,なし,なし,前イベ
祝井幸吉,野手,肩力,レンジャー,超ラッキーボーイ(不確定),勝利の星(確定),不明,なし,なし,前イベ
宝塚月斗,野手,守備,レンジャー,恐怖の満塁男(不確定),なし,-,なし,なし,前イベ
賀真口摩音,彼女,,ガード,勝負師(確定),ディレイドアーム(確定),-,なし,なし,前イベ
百屋縁,彼女,,ガード,火事場の馬鹿力(確定),ド根性(確定),-,なし,［SR］イベントボーナス25％¶［PSR］コントロール上限UP4,後イベ
熱盛宗厚,投手,コントロール,レンジャー,なし,なし¶ドクターK(確定),不明,なし,なし,前イベ
新島早紀,選手兼彼女+野手,打撃,バウンサー,内角必打(確定),なし,-,なし,［SR］タッグボーナス30％¶［PSR］やる気効果UP50％,前イベ
猫塚かりん,彼女,,ガード,大番狂わせ(確定),本塁打厳禁(確定),-,なし,なし,後イベ
[チア]明星雪華,彼女,,ガード,精神的支柱(不確定),不屈の魂(不確定),不明,なし,［SR］初期評価20¶［PSR］イベントボーナス20％,後イベ
涼風希望,投手,変化球,レンジャー,なし,ロゼルージュ(不確定)¶変化球プライド(確定),不明,なし,［SR］タッグボーナス30％¶［PSR］やる気効果UP75％,前イベ
球三郎,野手,走塁,レンジャー,高球必打(不確定),なし,不明,なし,なし,後イベ
[ユニフォーム]春野千優,彼女,,ガード,鉄人(確定),走者釘付(確定),-,なし,なし,後イベ
朱雀南赤,投手,スタミナ,ガード,一球入魂(確定),驚異の切れ味(確定)¶怪物球威(確定)¶アームブレイカー(確定),-,なし,なし,前イベ
比良女木美々,彼女,,ガード,高速レーザー(確定)捕手時¶バズーカ(確定),ハイスピンジャイロ(確定),-,なし,なし,前イベ
尾根瑛人,投手,球速,レンジャー,伝説のサヨナラ男(確定),勝利の星(確定),-,なし,なし,後イベ
納見新造,野手,メンタル,ガード,気迫ヘッド(確定),ド根性(確定),-,なし,なし,後イベ
一条一輝,野手,筋力,ガード,威圧感(野手)(不確定),威圧感(投手)(不確定),不明,なし,なし,前イベ
暗黒スバル,投手,変化球,レンジャー,なし,暗黒星雲(不確定)¶内無双(不確定),ダークネビュラ : 変化量(総変14で担当の体感3割前後)内無双 : 球速(球速160で担当の体感8割前後)※ともに上方修正後は不明,なし,［SR］タッグボーナス20％¶［PSR］技術ボーナス10,前イベ
[アンドロメダ]大西,投手,スタミナ,ガード,勝負師(確定),ミスターゼロ(不確定),不明,なし,［SR］筋力ボーナス10¶［PSR］やる気効果UP75％,後イベ
[アンドロメダ]嵐丸,投手,メンタル,レンジャー,伝説のサヨナラ男(確定)¶鉄人(不確定),クロスキャノン(不確定)¶鉄腕(不確定),不明,なし,［SR］タッグボーナス20％¶［PSR］精神ボーナス10,前イベ
眉村健,投手,コントロール,スナイパー,なし,ジャイロボール(眉村)(不確定)¶ハイスピンジャイロ(確定),不明,なし,なし,後イベ
[バレンタイン]美藤千尋,野手,打撃,バウンサー,安打製造機(確定)¶ヒートアップ(確定)¶孤軍奮闘(確定),安打製造機(確定)¶孤軍奮闘(確定),-,なし,［SR］精神ボーナス10¶［PSR］練習効果UP20％,後イベ
[バレンタイン]川星ほむら,野手,走塁,レンジャー,気迫ヘッド(確定),なし,-,なし,なし,前イベ
[バレンタイン]大空美代子,野手,筋力,ガード,アーチスト(不確定),怪童(不確定),不明,なし,なし,前イベ
清水薫,投手,メンタル,ガード,なし,復活(確定),-,なし,なし,前イベ
清水大河,野手,打撃,バウンサー,内野安打王(不確定),なし,不明,なし,なし,前イベ
茂野吾郎,投手,球速,ガード,なし,怪童(確定)¶怪物球威(確定),-,なし,［SR］初期評価20¶［PSR］技術ボーナス10,前イベ
佐藤寿也,野手,打撃,バウンサー,アーチスト(不確定)捕手時¶ささやき戦術(不確定)¶球界の頭脳(不確定),なし,不明,捕球+4(PSR覚醒時),［SR］タッグボーナス20％¶［PSR］捕球上限UP4,後イベ
阿久津,投手,変化球,レンジャー,なし,変幻自在(確定),-,なし,なし,後イベ
草野秀明,野手,守備,ガード,魔術師(確定),なし,-,なし,なし,前イベ
片桐恋,彼女,,ガード,重戦車(確定)捕手時¶鉄の壁(確定),超尻上がり(確定),-,なし,［SR］初期評価20¶［PSR］イベントボーナス30％,前イベ
久遠ヒカル,投手,変化球,レンジャー,低球必打(確定),強心臓(確定)¶原点投球(確定),-,なし,［SR］タッグボーナス20％¶［PSR］練習効果UP20％,後イベ
北斗八雲,投手,コントロール,レンジャー,鉄人(確定),ド根性(確定)＋鉄腕(確定)¶鉄人(確定),-,なし,［SR］タッグボーナス20％¶［PSR］練習効果UP10％,後イベ
神楽坂光彦,投手,変化球,レンジャー,なし,驚異の切れ味(不確定)＋左キラー(投手)(不確定),不明,なし,なし,前イベ
猫神優,野手,走塁,ガード,大番狂わせ(確定)¶高速ベースラン(確定),なし,-,なし,なし,後イベ
犬河和音,投手,変化球,レンジャー,ストレートキラー(確定)¶伝説のサヨナラ男(確定),マインドブレイカー(確定)¶本塁打厳禁(確定),-,なし,なし,前イベ
ヴィクター,野手,打撃,バウンサー,左キラー(野手)(確定),精密機械(確定),-,なし,なし,前イベ
アルヴィン,投手,球速,ガード,安打製造機(不確定),ミラージュナックル(不確定)¶変幻自在(不確定),不明,なし,なし,後イベ
[アフロ]猪狩守,投手,球速,レンジャー,祝福(確定),ソニックライジング(不確定)¶勇猛果敢(確定),不明,なし,［SR］技術ボーナス10¶［PSR］やる気効果UP100％,後イベ
火野勇太郎,野手,走塁,レンジャー,電光石火(確定)¶高速レーザー(確定)捕手時¶バズーカ(確定),変幻自在(確定)¶走者釘付(確定),-,なし,なし,前イベ
初野歩,野手,守備,レンジャー,ストライク送球(確定)捕手時¶鉄の壁(確定),鉄腕(確定),-,なし,なし,後イベ
グラビトン新井,投手,球速,レンジャー,アーチスト(確定),怪童(確定),-,なし,なし,後イベ
古長衛士,野手,筋力,ガード,伝説のサヨナラ男(確定),なし,-,なし,なし,後イベ
六鹿陸,野手,守備,スナイパー,鉄人(確定),なし,-,なし,なし,前イベ
木村美香,彼女,,ガード,ストライク送球(確定),左キラー(投手)(確定),-,なし,［SR］初期評価20¶［PSR］イベントボーナス20％,前イベ
諸井清和,野手,打撃,バウンサー,火事場の馬鹿力(確定),走者釘付(確定),-,なし,なし,前イベ
浦賀有也,野手,守備,レンジャー,魔術師(確定),なし,-,なし,［SR］タッグボーナス20％¶［PSR］技術ボーナス10,前イベ
天城隼,投手,メンタル,レンジャー,なし,ハイスピンジャイロ(不確定),不明,なし,なし,後イベ
鴨川しぐれ,彼女,,ガード,伝説のサヨナラ男(確定),勝利の星(確定),-,走力+4(PSR覚醒時のみ),［SR］初期評価20¶［PSR］走力上限UP4,後イベ
安内なみき,サポート,,ガード,左キラー(野手)(確定)捕手時¶バズーカ(確定),走者釘付(確定),-,なし,なし,前イベ
パワプロイド,投手,球速,レンジャー,なし,ストレートビュー(不確定)¶ハイスピンジャイロ(確定),不明,なし,なし,前イベ
グリーンドロイド,野手,打撃,バウンサー,高速レーザー(不確定)¶挑発(確定),精密機械(不確定)¶鉄腕(確定),不明,なし,なし,後イベ
マキシマム,野手,筋力,レンジャー,アーチスト(確定),なし,-,なし,なし,前イベ
坂本ゲン,野手,走塁,バウンサー,高速ベースラン(不確定),なし,不明,なし,なし,後イベ
滝川・クリス・優,サポート,,ガード,なし捕手時¶球界の頭脳(不確定),なし,不明,なし,なし,前イベ
浪風芽衣香,野手,打撃,レンジャー,大番狂わせ(確定),なし,-,なし,［SR］コツイベント率UP50％¶［PSR］やる気効果UP75％,後イベ
暮羽鋭次,投手,コントロール,レンジャー,なし,精密機械(不確定),不明,なし,なし,前イベ
木場静火,彼女,,ガード,芸術的流し打ち(確定),ドクターK(確定),-,なし,［SR］初期評価20¶［PSR］イベントボーナス20％,後イベ
水鳥忍,野手,守備,ガード,芸術的流し打ち(確定)捕手時¶ささやき戦術(確定),なし,-,なし,なし,前イベ
金原いずる,野手,打撃,バウンサー,切り込み隊長(確定),なし,-,なし,なし,後イベ
木場嵐士,投手,球速,レンジャー,気迫ヘッド(確定),爆速ストレート(不確定)¶快速ストレート(不確定)¶速球プライド(不確定),不明,なし,［SR］やる気効果UP50％¶［PSR］筋力ボーナス10,前イベ
神高龍,投手,変化球,レンジャー,なし,ドクターK(不確定),不明,なし,［SR］コツイベ発生率UP20％¶［PSR］技術ボーナス10,前イベ
駒坂瞬,野手,走塁,レンジャー,電光石火(不確定),なし,不明,なし,なし,後イベ
エミリ,彼女,,ガード,代打の神様(確定),怪童(確定),-,なし,なし,後イベ
館西勉,投手,コントロール,レンジャー,なし,変幻自在(不確定),不明,なし,なし,前イベ
蝶野半四郎,投手,変化球,レンジャー,なし,変幻自在(不確定),不明,なし,なし,後イベ
神宮寺光,野手,打撃,バウンサー,伝説のサヨナラ男(不確定),なし,不明,なし,なし,前イベ
大空美代子,野手,筋力,ガード,アーチスト(不確定),怪童(不確定),不明,なし,なし,前イベ
東條小次郎,野手,筋力,ガード,アーチスト(確定)＋高球必打(不確定),怪物球威(不確定),不明,なし,なし,後イベ
伊貫大和,投手,コントロール,スナイパー,なし,精密機械(確定),-,なし,［SR］タッグボーナス20％¶［PSR］精神ボーナス10,後イベ
森河岳,野手,走塁,レンジャー,鉄人(確定),なし,-,なし,なし,前イベ
桜ノ宮総司,野手,肩力,バウンサー,なし捕手時¶球界の頭脳(確定),なし,-,なし,なし,後イベ
氷上聡里,彼女,,ガード,左キラー(野手)(確定),変幻自在(確定),-,なし,なし,前イベ
結城哲也,野手,打撃,レンジャー,勝負師(不確定),強心臓(不確定),不明,なし,なし,前イベ
丹波光一郎,投手,変化球,レンジャー,なし,驚異の切れ味(不確定),不明,なし,なし,後イベ
川上憲史,投手,コントロール,レンジャー,なし,不屈の魂(不確定),不明,なし,なし,前イベ
小湊亮介,野手,守備,ガード,魔術師(確定),強心臓(確定),-,なし,なし,前イベ
増子透,野手,筋力,ガード,一球入魂(不確定),鉄腕(不確定),不明,なし,なし,後イベ
伊佐敷純,野手,肩力,レンジャー,高速レーザー(確定),怪物球威(確定),-,なし,なし,後イベ
清本和重,野手,筋力,ガード,アーチスト(不確定),なし,不明,なし,なし,前イベ
成宮鳴,投手,球速,バウンサー,伝説のサヨナラ男(確定),ドクターK(確定)¶変幻自在(確定),-,なし,なし,後イベ
神谷カルロス俊樹,野手,走塁,レンジャー,高速ベースラン(確定),なし,-,なし,なし,前イベ
白河勝之,野手,打撃,バウンサー,芸術的流し打ち(確定),本塁打厳禁(確定),-,なし,なし,前イベ
多田野樹,野手,メンタル,ガード,気迫ヘッド(確定)捕手時¶鉄の壁(確定),不屈の魂(確定),-,なし,なし,後イベ
倉持洋一,野手,走塁,ガード,電光石火(確定)＋看破(不確定),走者釘付(確定),不明,なし,なし,後イベ
三島優太,投手,スタミナ,ガード,勝負師(不確定),なし,不明,なし,なし,後イベ
真田俊平,投手,球速,バウンサー,恐怖の満塁男(不確定),強心臓(不確定),不明,なし,なし,前イベ
轟雷市,野手,筋力,ガード,アーチスト(不確定),なし,不明,なし,なし,後イベ
秋葉一真,野手,打撃,バウンサー,ストライク送球(確定),走者釘付(確定),-,なし,なし,前イベ
パピヨン,投手,コントロール,ガード,一発逆転王(確定),怪童(確定)¶驚異の切れ味(確定),-,なし,なし,後イベ
沢村栄純,投手,スタミナ,ガード,左キラー(野手)(確定),変幻自在(確定)¶クロスキャノン(確定)¶みなぎる活力(確定),-,なし,なし,後イベ
御幸一也,野手,守備,レンジャー,ストライク送球(確定)捕手時¶球界の頭脳(確定)＋ストライク送球(不確定),走者釘付(確定),不明,なし,なし,後イベ
小湊春市,野手,打撃,バウンサー,安打製造機(確定)＋つるべ打ち(不確定),本塁打厳禁(確定),不明,なし,なし,前イベ
降谷暁,投手,球速,ガード,勝負師(確定),怪童(確定)¶ドクターK(確定),-,なし,なし,前イベ
調子くん,サポート,,ガード,なし捕手時¶鉄の壁(不確定),なし,不明,なし,なし,後イベ
夏野向日葵,野手,守備,レンジャー,ストライク送球(確定),なし,-,守備力+4(PSR覚醒時のみ),［SR］得意練習率UP20％¶［PSR］守備力上限UP4,後イベ
八尺巫女子,選手兼彼女+野手,走塁,レンジャー,切り込み隊長(確定),なし,-,走力+4(PSR覚醒時),［SR］やる気効果UP50％¶［PSR］走力上限UP4,前イベ
矢部田亜希子,野手,走塁,レンジャー,切り込み隊長(確定),なし,-,なし,なし,後イベ
明星雪華,彼女,,ガード,一球入魂(不確定),驚異の切れ味(不確定),不明,なし,［SR］初期評価20¶［PSR］イベントボーナス20％,後イベ
小嵐リョウ,選手兼彼女+野手,守備,ガード,魔術師(確定),なし,-,なし,［SR］初期評価20¶［PSR］練習効果UP30％,前イベ
美園千花,選手兼彼女+野手,筋力,ガード,鉄人(確定)捕手時¶球界の頭脳(確定),なし,-,守備力+4(PSR覚醒時),［SR］練習効果UP20％¶［PSR］守備力上限UP4,後イベ
小鷹美麗,野手,守備,ガード,ストライク送球(確定)¶切磋琢磨(確定),なし,-,なし,なし,前イベ
アンヌ,投手,球速,バウンサー,なし,怪物球威(確定),-,なし,なし,後イベ
有村佐治,野手,肩力,レンジャー,鉄人(確定),なし,-,なし,なし,前イベ
[巫女]早川あおい,投手,変化球,レンジャー,なし,マリンボール(不確定),不明,なし,なし,後イベ
[巫女]橘みずき,投手,コントロール,スナイパー,なし,クレッセントムーン(不確定)¶ミスターゼロ(確定),不明,コントロール+4(PSR覚醒時のみ),［SR］精神ボーナス10¶［PSR］コントロール上限UP4,前イベ
香本富久雄,野手,筋力,ガード,勝負師(確定)捕手時¶鉄の壁(確定),鉄腕(確定),-,なし,なし,前イベ
[巫女]六道聖,野手,守備,ガード,低球必打(確定)¶明鏡止水(確定)捕手時¶ささやき戦術(確定)¶球界の頭脳(確定),強心臓(確定),-,守備力+6(PSR覚醒時のみ),［SR］練習効果UP20％¶［PSR］守備力上限UP6,後イベ
川星ほむら,野手,走塁,レンジャー,気迫ヘッド(確定),なし,-,なし,なし,前イベ
大鐘餅太郎,野手,守備,バウンサー,左キラー(野手)(確定),左キラー(投手)(確定),-,なし,なし,後イベ
銭形乱蔵,投手,守備,レンジャー,勝負師(不確定),強心臓(不確定),不明,なし,なし,後イベ
九十九宇宙,野手,肩力,スナイパー,高速レーザー(確定)＋ストライク送球(不確定),なし,不明,なし,なし,前イベ
[サンタ]早川あおい,投手,変化球,レンジャー,なし,マリンボール(不確定),不明,なし,なし,後イベ
ブロンコ＝リー,野手,メンタル,レンジャー,アーチスト(不確定),怪童(不確定),不明,なし,なし,前イベ
美藤千尋,野手,打撃,バウンサー,安打製造機(確定)¶ヒートアップ(確定)¶孤軍奮闘(確定),安打製造機(確定)¶孤軍奮闘(確定),-,なし,［SR］精神ボーナス10¶［PSR］練習効果UP20％,後イベ
三森左京,野手,走塁,バウンサー,高速ベースラン(不確定),なし,不明,なし,なし,後イベ
武秀英,野手,打撃,レンジャー,勝負師(不確定)¶ヒートアップ(確定),なし,不明,なし,なし,後イベ
[サンタ]橘みずき,投手,コントロール,スナイパー,なし,クレッセントムーン(不確定)¶ミスターゼロ(確定),不明,コントロール+4(PSR覚醒時のみ),［SR］精神ボーナス10¶［PSR］コントロール上限UP4,前イベ
[サンタ]六道聖,野手,守備,ガード,低球必打(確定)¶明鏡止水(確定)捕手時¶ささやき戦術(確定)¶球界の頭脳(確定),強心臓(確定),-,守備力+6(PSR覚醒時のみ),［SR］練習効果UP20％¶［PSR］守備力上限UP6,後イベ
渋谷秀喜,野手,筋力,ガード,伝説のサヨナラ男(不確定),なし,不明,なし,なし,前イベ
鎌刈善二,野手,打撃,バウンサー,一球入魂(確定),なし,-,なし,なし,前イベ
猛田慶次,野手,メンタル,レンジャー,伝説のサヨナラ男(確定)＋勝負師(不確定),強心臓(不確定),不明,なし,［SR］タッグボーナス20％¶［PSR］やる気効果UP75％,前イベ
蛇島桐人,野手,守備,ガード,魔術師(不確定),なし,不明,なし,なし,後イベ
城井伯斎,野手,守備,ガード,切り込み隊長(不確定),不屈の魂(不確定),不明,なし,なし,後イベ
中之島幸宏,野手,打撃,バウンサー,電光石火(不確定),なし,不明,なし,なし,後イベ
六道聖,野手,守備,ガード,低球必打(確定)¶明鏡止水(確定)捕手時¶ささやき戦術(確定)¶球界の頭脳(確定),強心臓(確定),-,守備力+6(PSR覚醒時のみ),［SR］練習効果UP20％¶［PSR］守備力上限UP6,後イベ
嵐丸士朗,投手,メンタル,レンジャー,鉄人(不確定),鉄腕(不確定),不明,なし,［SR］タッグボーナス20％¶［PSR］精神ボーナス10,前イベ
大西＝ハリソン＝筋金,投手,スタミナ,ガード,なし,鉄腕(確定),-,なし,［SR］筋力ボーナス10¶［PSR］やる気効果UP75％,後イベ
鶴屋勝,投手,コントロール,スナイパー,なし,左キラー(投手)(不確定),不明,なし,なし,前イベ
阿畑やすし,投手,変化球,レンジャー,なし,オリジナル変化球(確定)¶本塁打厳禁(確定),-,なし,なし,前イベ
鮫島粂太郎,野手,筋力,ガード,一球入魂(確定),なし,-,なし,なし,前イベ
浜崎庄司,投手,コントロール,ガード,なし,不屈の魂(確定),-,なし,なし,後イベ
小田切巧,野手,守備,ガード,代打の神様(確定),不屈の魂(確定),-,なし,なし,前イベ
橘みずき,投手,コントロール,スナイパー,なし,クレッセントムーン(不確定)¶ミスターゼロ(確定),不明,コントロール+4(PSR覚醒時のみ),［SR］精神ボーナス10¶［PSR］コントロール上限UP4,前イベ
鈴本大輔,投手,コントロール,バウンサー,なし,精密機械(不確定),不明,なし,なし,前イベ
早川あおい,投手,変化球,レンジャー,なし,マリンボール(不確定),マリンボール : 変化量(総変14で担当の体感7割前後),なし,なし,後イベ
宇渡幹久,野手,筋力,ガード,重戦車(確定),強心臓(確定),-,なし,なし,後イベ
佐久間博,野手,打撃,バウンサー,芸術的流し打ち(不確定),なし,不明,なし,なし,後イベ
三森右京,野手,走塁,バウンサー,電光石火(不確定),なし,不明,なし,なし,前イベ
久方怜,投手,コントロール,スナイパー,安打製造機(不確定),驚異の切れ味(不確定),不明,なし,［SR］タッグボーナス20％¶［PSR］練習効果UP20％,後イベ
青葉春人,投手,球速,レンジャー,なし,超真魔球改(不確定)＋不屈の魂(確定),不明,なし,なし,前イベ
矢部明雄,野手,走塁,レンジャー,高速ベースラン(確定)＋走力バースト(不確定),なし,走力バースト : 走力(Sで担当の体感3割前後),走力+4(PSR覚醒時のみ),［SR］タッグボーナス50％¶［PSR］走力上限UP4,後イベ
星井スバル,投手,変化球,レンジャー,ストライク送球(確定)¶球界の頭脳(確定),スタードライブ(不確定),スタードライブ : 総変化量(総変14で担当の体感8割前後),なし,［SR］タッグボーナス20％¶［PSR］技術ボーナス10,前イベ
山口賢,投手,変化球,レンジャー,エースキラー(確定)¶内角必打(確定),強心臓(確定)¶内無双(確定),-,なし,なし,前イベ
烏丸剛充,投手,スタミナ,ガード,なし,不屈の魂(確定),-,なし,なし,前イベ
春野千優,彼女,,ガード,鉄人(確定),走者釘付(確定),-,なし,なし,後イベ
京野小筆,彼女,,ガード,安打製造機(確定)¶アーチスト(確定),精密機械(確定)¶鉄腕(確定),-,なし,なし,前イベ
友沢亮,野手,肩力,スナイパー,安打製造機(不確定),なし,不明,ミート+4(PSR覚醒時のみ),［SR］試合経験点ボーナス20％¶［PSR］ミート上限UP4,後イベ
才賀侑人,野手,打撃,バウンサー,一球入魂(確定),なし,-,なし,［SR］タッグボーナス20％¶［PSR］練習効果UP20％,後イベ
猪狩進,野手,守備,ガード,挑発(確定)¶看破(確定)捕手時¶球界の頭脳(確定),ジャストフィット(確定),-,ミート+4(PSR覚醒時のみ),［SR］得意練習率UP20％¶［PSR］ミート上限UP4,前イベ
滝本太郎,野手,筋力,ガード,アーチスト(不確定)¶安打製造機(不確定)¶勝負師(不確定),なし,不明,なし,［SR］タッグボーナス30％¶［PSR］筋力ボーナス10,前イベ
鋼毅,投手,スタミナ,ガード,アーチスト(確定),怪童(確定),-,なし,なし,前イベ
少豪月剛,野手,筋力,ガード,一球入魂(不確定),ドクターK(不確定),不明,なし,なし,後イベ
田中山太郎,野手,守備,ガード,魔術師(不確定),なし,不明,なし,なし,後イベ
小平陽向,野手,メンタル,バウンサー,切り込み隊長(確定)＋一番槍(不確定),走者釘付(確定),-,なし,なし,前イベ
猪狩守,投手,球速,レンジャー,切磋琢磨(確定),ライジングキャノン(不確定)¶ライジングショット(不確定)¶鉄腕(確定),不明,なし,［SR］技術ボーナス10¶［PSR］やる気効果UP100％,後イベ
樽本有太,投手,球速,バウンサー,なし,怪物球威(不確定),不明,なし,なし,後イベ
田中将大,投手,球速,ガード,なし,エアロスプリット(不確定),不明,なし,［SR］得意練習率UP20％¶［PSR］コントロール上限UP4,後イベ
太刀川広巳,投手,変化球,レンジャー,なし,怪物球威(確定)＋鉄腕(不確定),鉄腕 : 不明,なし,なし,後イベ
茶来元気,野手,守備,レンジャー,切り込み隊長(不確定),なし,不明,なし,なし,前イベ
